[{
  "_id": {
    "$oid": "6852b6066275767e4cf87e17"
  },
  "name": "Ramesh Kumar",
  "phone": "9000000001",
  "email": "ramesh.kumar@example.com",
  "gender": "Male",
  "dateOfBirth": {
    "$date": "1985-05-15T00:00:00.000Z"
  },
  "address": {
    "street": "12 Gandhi Road",
    "city": "Chennai",
    "state": "Tamil Nadu",
    "postalCode": "600001"
  },
  "emergencyContact": {
    "name": "Suresh Kumar",
    "phone": "9000000011",
    "relation": "Father"
  },
  "password": "$2b$10$wsnEYjJwUo0aT7QGqHbTzOTsg29e1GWNSAwu77YzXPD9RtaAIMU0G",
  "patientId": "Wc11D_",
  "createdAt": {
    "$date": "2025-06-18T12:50:14.195Z"
  },
  "updatedAt": {
    "$date": "2025-06-18T12:50:14.195Z"
  },
  "__v": 0
},
{
  "_id": {
    "$oid": "6852b6066275767e4cf87e1b"
  },
  "name": "Suresh Balaji",
  "phone": "9000000005",
  "email": "suresh.b@example.com",
  "gender": "Male",
  "dateOfBirth": {
    "$date": "1999-07-12T00:00:00.000Z"
  },
  "address": {
    "street": "23 T. Nagar Main Road",
    "city": "Chennai",
    "state": "Tamil Nadu",
    "postalCode": "600017"
  },
  "emergencyContact": {
    "name": "Meena Balaji",
    "phone": "9000000055",
    "relation": "Sister"
  },
  "password": "$2b$10$x91uuMM9mkpuGwCDAmYNr.RQTiz.eMU6vCqu5YdL6rc/se3jzxyA6",
  "patientId": "RQYlJ4",
  "createdAt": {
    "$date": "2025-06-18T12:50:14.195Z"
  },
  "updatedAt": {
    "$date": "2025-06-18T12:50:14.195Z"
  },
  "__v": 0
},
{
  "_id": {
    "$oid": "6852b6066275767e4cf87e1c"
  },
  "name": "Deepa Ravi",
  "phone": "9000000006",
  "email": "deepa.ravi@example.com",
  "gender": "Female",
  "dateOfBirth": {
    "$date": "1982-12-01T00:00:00.000Z"
  },
  "address": {
    "street": "9 Adyar Lane",
    "city": "Chennai",
    "state": "Tamil Nadu",
    "postalCode": "600020"
  },
  "emergencyContact": {
    "name": "Ravi Chandran",
    "phone": "9000000066",
    "relation": "Husband"
  },
  "password": "$2b$10$QS5gWESdnMLpfgAIsCZUXeQVbVvMSosjzXazAOBcpZaKJiJo9AJYC",
  "patientId": "CxI3W7",
  "createdAt": {
    "$date": "2025-06-18T12:50:14.195Z"
  },
  "updatedAt": {
    "$date": "2025-06-18T12:50:14.195Z"
  },
  "__v": 0
},
{
  "_id": {
    "$oid": "6852b6066275767e4cf87e1a"
  },
  "name": "Anjali Venkatesh",
  "phone": "9000000004",
  "email": "anjali.v@example.com",
  "gender": "Female",
  "dateOfBirth": {
    "$date": "2001-03-30T00:00:00.000Z"
  },
  "address": {
    "street": "5 Besant Nagar Road",
    "city": "Chennai",
    "state": "Tamil Nadu",
    "postalCode": "600090"
  },
  "emergencyContact": {
    "name": "Venkatesh Iyer",
    "phone": "9000000044",
    "relation": "Father"
  },
  "password": "$2b$10$z2ZSEW1gz/2Ei0j/nfktCu7BLyyfitIiDC9nBr1aJBuxR45fwjm7C",
  "patientId": "jfK27Z",
  "createdAt": {
    "$date": "2025-06-18T12:50:14.195Z"
  },
  "updatedAt": {
    "$date": "2025-06-18T12:50:14.195Z"
  },
  "__v": 0
},
{
  "_id": {
    "$oid": "6852b6066275767e4cf87e1d"
  },
  "name": "Arjun Mohan",
  "phone": "9000000007",
  "email": "arjun.m@example.com",
  "gender": "Male",
  "dateOfBirth": {
    "$date": "1975-04-18T00:00:00.000Z"
  },
  "address": {
    "street": "45 Velachery Main Road",
    "city": "Chennai",
    "state": "Tamil Nadu",
    "postalCode": "600042"
  },
  "emergencyContact": {
    "name": "Shanti Mohan",
    "phone": "9000000077",
    "relation": "Wife"
  },
  "password": "$2b$10$d0jP8ejryzB.ppGNPdkEeulu58RnR4P.rd3UvcBlT3GwyOAB5CwNW",
  "patientId": "zbgRv_",
  "createdAt": {
    "$date": "2025-06-18T12:50:14.195Z"
  },
  "updatedAt": {
    "$date": "2025-06-18T12:50:14.195Z"
  },
  "__v": 0
},
{
  "_id": {
    "$oid": "6852b6066275767e4cf87e20"
  },
  "name": "Shanti Priya",
  "phone": "9000000010",
  "email": "shanti.p@example.com",
  "gender": "Female",
  "dateOfBirth": {
    "$date": "1988-06-14T00:00:00.000Z"
  },
  "address": {
    "street": "15 Chromepet High Road",
    "city": "Chennai",
    "state": "Tamil Nadu",
    "postalCode": "600044"
  },
  "emergencyContact": {
    "name": "Rajesh Kumar",
    "phone": "9000000100",
    "relation": "Husband"
  },
  "password": "$2b$10$cX6F.nfuwclOz7WygUwcROp1qWIuTwTtfg.1Q5ntk229BS0wibv5y",
  "patientId": "REqqro",
  "createdAt": {
    "$date": "2025-06-18T12:50:14.195Z"
  },
  "updatedAt": {
    "$date": "2025-06-18T12:50:14.195Z"
  },
  "__v": 0
},
{
  "_id": {
    "$oid": "6852b6066275767e4cf87e1e"
  },
  "name": "Nandini Suresh",
  "phone": "9000000008",
  "email": "nandini.s@example.com",
  "gender": "Female",
  "dateOfBirth": {
    "$date": "1995-09-09T00:00:00.000Z"
  },
  "address": {
    "street": "3 Thiruvanmiyur Beach Road",
    "city": "Chennai",
    "state": "Tamil Nadu",
    "postalCode": "600041"
  },
  "emergencyContact": {
    "name": "Suresh Kumar",
    "phone": "9000000088",
    "relation": "Brother"
  },
  "password": "$2b$10$k06.752MreqAAWT93eWmPupGsV2VB2BjMGOp.BxDsPm9hy4h8gbXK",
  "patientId": "zzUP0-",
  "createdAt": {
    "$date": "2025-06-18T12:50:14.195Z"
  },
  "updatedAt": {
    "$date": "2025-06-18T12:50:14.195Z"
  },
  "__v": 0
},
{
  "_id": {
    "$oid": "6852b6066275767e4cf87e1f"
  },
  "name": "Vijay Anand",
  "phone": "9000000009",
  "email": "vijay.a@example.com",
  "gender": "Male",
  "dateOfBirth": {
    "$date": "2005-01-25T00:00:00.000Z"
  },
  "address": {
    "street": "78 Ambattur Industrial Estate",
    "city": "Chennai",
    "state": "Tamil Nadu",
    "postalCode": "600053"
  },
  "emergencyContact": {
    "name": "Geetha Anand",
    "phone": "9000000099",
    "relation": "Mother"
  },
  "password": "$2b$10$Xo/.HTJyVPE2NmQgmbqdc..UAwiMGAtuPTZZzoHeXbYtj6Uao4QTq",
  "patientId": "0tWes6",
  "createdAt": {
    "$date": "2025-06-18T12:50:14.195Z"
  },
  "updatedAt": {
    "$date": "2025-06-18T12:50:14.195Z"
  },
  "__v": 0
},
{
  "_id": {
    "$oid": "6852b6066275767e4cf87e19"
  },
  "name": "Karthik Subramanian",
  "phone": "9000000003",
  "email": "karthik.s@example.com",
  "gender": "Male",
  "dateOfBirth": {
    "$date": "1978-08-04T00:00:00.000Z"
  },
  "address": {
    "street": "78 Mylapore Street",
    "city": "Chennai",
    "state": "Tamil Nadu",
    "postalCode": "600004"
  },
  "emergencyContact": {
    "name": "Lakshmi Subramanian",
    "phone": "9000000033",
    "relation": "Mother"
  },
  "password": "$2b$10$4cMcfzE6bOikgY9ibWdnUOBeIBOcGcdOWi1YuorVaC/MJedXt0G.y",
  "patientId": "ZK_AEa",
  "createdAt": {
    "$date": "2025-06-18T12:50:14.195Z"
  },
  "updatedAt": {
    "$date": "2025-06-18T12:50:14.195Z"
  },
  "__v": 0
},
{
  "_id": {
    "$oid": "6852b6066275767e4cf87e18"
  },
  "name": "Priya Rajan",
  "phone": "9000000002",
  "email": "priya.rajan@example.com",
  "gender": "Female",
  "dateOfBirth": {
    "$date": "1992-11-22T00:00:00.000Z"
  },
  "address": {
    "street": "34 Anna Salai",
    "city": "Chennai",
    "state": "Tamil Nadu",
    "postalCode": "600002"
  },
  "emergencyContact": {
    "name": "Arun Rajan",
    "phone": "9000000022",
    "relation": "Spouse"
  },
  "password": "$2b$10$HK8PEK7mArRIPIxLIlMfHOsECEX0wZWFYTJaByNRhQC1VMx3RJzzy",
  "patientId": "CteKK3",
  "createdAt": {
    "$date": "2025-06-18T12:50:14.195Z"
  },
  "updatedAt": {
    "$date": "2025-06-18T12:50:14.195Z"
  },
  "__v": 0
},
{
  "_id": {
    "$oid": "6852b6756275767e4cf87e2f"
  },
  "name": "Preethi Natarajan",
  "phone": "9000000014",
  "email": "preethi.n@example.com",
  "gender": "Female",
  "dateOfBirth": {
    "$date": "1995-02-26T00:00:00.000Z"
  },
  "address": {
    "street": "8 Egmore Street",
    "city": "Chennai",
    "state": "Tamil Nadu",
    "postalCode": "600008"
  },
  "emergencyContact": {
    "name": "Natarajan M",
    "phone": "9000000144",
    "relation": "Father"
  },
  "password": "$2b$10$u/pNNYw4D0808lS388I8AuP3DY7oOAHojVvE.xy4mGPatpVtonRGe",
  "patientId": "A0xyYo",
  "createdAt": {
    "$date": "2025-06-18T12:52:05.483Z"
  },
  "updatedAt": {
    "$date": "2025-06-18T12:52:05.483Z"
  },
  "__v": 0
},
{
  "_id": {
    "$oid": "6852b6756275767e4cf87e32"
  },
  "name": "Kiran Raj",
  "phone": "9000000017",
  "email": "kiran.raj@example.com",
  "gender": "Male",
  "dateOfBirth": {
    "$date": "1996-03-30T00:00:00.000Z"
  },
  "address": {
    "street": "66 Teynampet Road",
    "city": "Chennai",
    "state": "Tamil Nadu",
    "postalCode": "600018"
  },
  "emergencyContact": {
    "name": "Rajeshwari K",
    "phone": "9000000177",
    "relation": "Mother"
  },
  "password": "$2b$10$3ysbokX.o07YhfP0Zz83P.3FEhypCBrLICgIDl.jyWwsJToYgMOtC",
  "patientId": "jCBBqE",
  "createdAt": {
    "$date": "2025-06-18T12:52:05.483Z"
  },
  "updatedAt": {
    "$date": "2025-06-18T12:52:05.483Z"
  },
  "__v": 0
},
{
  "_id": {
    "$oid": "6852b6756275767e4cf87e2c"
  },
  "name": "Harish Kumar",
  "phone": "9000000011",
  "email": "harish.kumar@example.com",
  "gender": "Male",
  "dateOfBirth": {
    "$date": "1990-01-10T00:00:00.000Z"
  },
  "address": {
    "street": "21 Mount Road",
    "city": "Chennai",
    "state": "Tamil Nadu",
    "postalCode": "600015"
  },
  "emergencyContact": {
    "name": "Lakshmi Kumar",
    "phone": "9000000111",
    "relation": "Mother"
  },
  "password": "$2b$10$2oZJf6S..qnLltm3fTyY3eGeQLynlO/36gZ5kH8cKb7YT.wluxcIW",
  "patientId": "bICTyC",
  "createdAt": {
    "$date": "2025-06-18T12:52:05.483Z"
  },
  "updatedAt": {
    "$date": "2025-06-18T12:52:05.483Z"
  },
  "__v": 0
},
{
  "_id": {
    "$oid": "6852b6756275767e4cf87e33"
  },
  "name": "Meera Prasad",
  "phone": "9000000018",
  "email": "meera.prasad@example.com",
  "gender": "Female",
  "dateOfBirth": {
    "$date": "1985-10-11T00:00:00.000Z"
  },
  "address": {
    "street": "45 Mambalam Street",
    "city": "Chennai",
    "state": "Tamil Nadu",
    "postalCode": "600033"
  },
  "emergencyContact": {
    "name": "Prasad R",
    "phone": "9000000188",
    "relation": "Father"
  },
  "password": "$2b$10$nca1AQYy7Ou3SWqniiavO.0R9SR5ifR9MiscF.FQ3B52y1MM6TBWO",
  "patientId": "u8qSez",
  "createdAt": {
    "$date": "2025-06-18T12:52:05.483Z"
  },
  "updatedAt": {
    "$date": "2025-06-18T12:52:05.483Z"
  },
  "__v": 0
},
{
  "_id": {
    "$oid": "6852b6756275767e4cf87e35"
  },
  "name": "Shalini Devi",
  "phone": "9000000020",
  "email": "shalini.devi@example.com",
  "gender": "Female",
  "dateOfBirth": {
    "$date": "1993-06-17T00:00:00.000Z"
  },
  "address": {
    "street": "11 Saidapet Main Road",
    "city": "Chennai",
    "state": "Tamil Nadu",
    "postalCode": "600015"
  },
  "emergencyContact": {
    "name": "Devaraj S",
    "phone": "9000000200",
    "relation": "Father"
  },
  "password": "$2b$10$xNlvrYDUMExZS.0DuP1tCO9mmcSzFX3l4x1zg600B/L2v4R89O4EK",
  "patientId": "gE1swd",
  "createdAt": {
    "$date": "2025-06-18T12:52:05.483Z"
  },
  "updatedAt": {
    "$date": "2025-06-18T12:52:05.483Z"
  },
  "__v": 0
},
{
  "_id": {
    "$oid": "6852b6756275767e4cf87e34"
  },
  "name": "Aravind K",
  "phone": "9000000019",
  "email": "aravind.k@example.com",
  "gender": "Male",
  "dateOfBirth": {
    "$date": "2000-08-21T00:00:00.000Z"
  },
  "address": {
    "street": "29 Triplicane Road",
    "city": "Chennai",
    "state": "Tamil Nadu",
    "postalCode": "600005"
  },
  "emergencyContact": {
    "name": "Kumaravel S",
    "phone": "9000000199",
    "relation": "Father"
  },
  "password": "$2b$10$Xknoa69mJEWVtgHsS5zk5e3iNbTZbwQm/u9ZPz6bnuty/M8fW1YdC",
  "patientId": "tOS8qA",
  "createdAt": {
    "$date": "2025-06-18T12:52:05.483Z"
  },
  "updatedAt": {
    "$date": "2025-06-18T12:52:05.483Z"
  },
  "__v": 0
},
{
  "_id": {
    "$oid": "6852b6756275767e4cf87e2d"
  },
  "name": "Divya Ramesh",
  "phone": "9000000012",
  "email": "divya.ramesh@example.com",
  "gender": "Female",
  "dateOfBirth": {
    "$date": "1987-04-23T00:00:00.000Z"
  },
  "address": {
    "street": "10 Poonamallee High Road",
    "city": "Chennai",
    "state": "Tamil Nadu",
    "postalCode": "600084"
  },
  "emergencyContact": {
    "name": "Ramesh Kumar",
    "phone": "9000000122",
    "relation": "Father"
  },
  "password": "$2b$10$TER1DP..0eOtp08TREIR5.5Wsnn2dAWfn7RWG5Kdi7Hspfif1Og4W",
  "patientId": "ymawRK",
  "createdAt": {
    "$date": "2025-06-18T12:52:05.483Z"
  },
  "updatedAt": {
    "$date": "2025-06-18T12:52:05.483Z"
  },
  "__v": 0
},
{
  "_id": {
    "$oid": "6852b6756275767e4cf87e36"
  },
  "name": "Vignesh S",
  "phone": "9000000021",
  "email": "vignesh.s@example.com",
  "gender": "Male",
  "dateOfBirth": {
    "$date": "1997-11-13T00:00:00.000Z"
  },
  "address": {
    "street": "6 Guindy Industrial Estate",
    "city": "Chennai",
    "state": "Tamil Nadu",
    "postalCode": "600032"
  },
  "emergencyContact": {
    "name": "Sivakumar S",
    "phone": "9000000211",
    "relation": "Father"
  },
  "password": "$2b$10$gwrBIKCfzgkKAxqZOLsCpukqi2dwKVudaicEHGhpm1WouRaGVFGtm",
  "patientId": "dlRiqv",
  "createdAt": {
    "$date": "2025-06-18T12:52:05.483Z"
  },
  "updatedAt": {
    "$date": "2025-06-18T12:52:05.483Z"
  },
  "__v": 0
},
{
  "_id": {
    "$oid": "6852b6756275767e4cf87e38"
  },
  "name": "Sridhar Reddy",
  "phone": "9000000023",
  "email": "sridhar.reddy@example.com",
  "gender": "Male",
  "dateOfBirth": {
    "$date": "1976-10-25T00:00:00.000Z"
  },
  "address": {
    "street": "88 Porur Main Road",
    "city": "Chennai",
    "state": "Tamil Nadu",
    "postalCode": "600116"
  },
  "emergencyContact": {
    "name": "Lakshmi Reddy",
    "phone": "9000000233",
    "relation": "Wife"
  },
  "password": "$2b$10$zIryClTZxtaOwAhZnmXwxuG4PY922jz6g90xb/IAliBs1WhdHjcee",
  "patientId": "NvZmop",
  "createdAt": {
    "$date": "2025-06-18T12:52:05.483Z"
  },
  "updatedAt": {
    "$date": "2025-06-18T12:52:05.483Z"
  },
  "__v": 0
},
{
  "_id": {
    "$oid": "6852b6756275767e4cf87e37"
  },
  "name": "Pavithra R",
  "phone": "9000000022",
  "email": "pavithra.r@example.com",
  "gender": "Female",
  "dateOfBirth": {
    "$date": "1981-05-08T00:00:00.000Z"
  },
  "address": {
    "street": "13 Ashok Nagar Main Road",
    "city": "Chennai",
    "state": "Tamil Nadu",
    "postalCode": "600083"
  },
  "emergencyContact": {
    "name": "Ravi R",
    "phone": "9000000222",
    "relation": "Husband"
  },
  "password": "$2b$10$j.NPvCH3St8w/.SD0YeWb.06pBxlMt6tk6aDm9ynuZFZwGMW7Yf2q",
  "patientId": "Ytl8Yx",
  "createdAt": {
    "$date": "2025-06-18T12:52:05.483Z"
  },
  "updatedAt": {
    "$date": "2025-06-18T12:52:05.483Z"
  },
  "__v": 0
},
{
  "_id": {
    "$oid": "6852b6756275767e4cf87e39"
  },
  "name": "Keerthana S",
  "phone": "9000000024",
  "email": "keerthana.s@example.com",
  "gender": "Female",
  "dateOfBirth": {
    "$date": "1994-03-07T00:00:00.000Z"
  },
  "address": {
    "street": "19 Thiruvottiyur High Road",
    "city": "Chennai",
    "state": "Tamil Nadu",
    "postalCode": "600019"
  },
  "emergencyContact": {
    "name": "Saravanan S",
    "phone": "9000000244",
    "relation": "Father"
  },
  "password": "$2b$10$eqbVSj8WlRqqOUeURVjqd./yCbbdZDJj5FFx4iXoxPgYV5PStjmTS",
  "patientId": "dl1km3",
  "createdAt": {
    "$date": "2025-06-18T12:52:05.483Z"
  },
  "updatedAt": {
    "$date": "2025-06-18T12:52:05.483Z"
  },
  "__v": 0
},
{
  "_id": {
    "$oid": "6852b6756275767e4cf87e2e"
  },
  "name": "Sathish Babu",
  "phone": "9000000013",
  "email": "sathish.babu@example.com",
  "gender": "Male",
  "dateOfBirth": {
    "$date": "1979-09-18T00:00:00.000Z"
  },
  "address": {
    "street": "55 Royapettah High Road",
    "city": "Chennai",
    "state": "Tamil Nadu",
    "postalCode": "600014"
  },
  "emergencyContact": {
    "name": "Gomathi Babu",
    "phone": "9000000133",
    "relation": "Wife"
  },
  "password": "$2b$10$wpYOTebhnK043WJ1ulIOj.9GAk7RovtRaODScftf3RpBwOuF4azM2",
  "patientId": "ACbkrE",
  "createdAt": {
    "$date": "2025-06-18T12:52:05.483Z"
  },
  "updatedAt": {
    "$date": "2025-06-18T12:52:05.483Z"
  },
  "__v": 0
},
{
  "_id": {
    "$oid": "6852b6756275767e4cf87e3c"
  },
  "name": "Vasanth Kumar",
  "phone": "9000000027",
  "email": "vasanth.kumar@example.com",
  "gender": "Male",
  "dateOfBirth": {
    "$date": "1991-08-14T00:00:00.000Z"
  },
  "address": {
    "street": "31 Sholinganallur Road",
    "city": "Chennai",
    "state": "Tamil Nadu",
    "postalCode": "600119"
  },
  "emergencyContact": {
    "name": "Kumaravel V",
    "phone": "9000000277",
    "relation": "Father"
  },
  "password": "$2b$10$dz3tf0DbZ3p52rIgwMl3nOkqOUCWsH2ShGz3qZR4/QMvL3YjDtsM.",
  "patientId": "ARMHn7",
  "createdAt": {
    "$date": "2025-06-18T12:52:05.484Z"
  },
  "updatedAt": {
    "$date": "2025-06-18T12:52:05.484Z"
  },
  "__v": 0
},
{
  "_id": {
    "$oid": "6852b6756275767e4cf87e3a"
  },
  "name": "Gokul Raj",
  "phone": "9000000025",
  "email": "gokul.raj@example.com",
  "gender": "Male",
  "dateOfBirth": {
    "$date": "1986-12-31T00:00:00.000Z"
  },
  "address": {
    "street": "77 Pallavaram Road",
    "city": "Chennai",
    "state": "Tamil Nadu",
    "postalCode": "600043"
  },
  "emergencyContact": {
    "name": "Rajeshwari G",
    "phone": "9000000255",
    "relation": "Mother"
  },
  "password": "$2b$10$ENAPTmd9GPrxKp9Mw8hXW.mgfO22DEVofR4eteWRlT7p6SYk/T8LG",
  "patientId": "ETaTzh",
  "createdAt": {
    "$date": "2025-06-18T12:52:05.484Z"
  },
  "updatedAt": {
    "$date": "2025-06-18T12:52:05.484Z"
  },
  "__v": 0
},
{
  "_id": {
    "$oid": "6852b6756275767e4cf87e3b"
  },
  "name": "Radha Krishnan",
  "phone": "9000000026",
  "email": "radha.krishnan@example.com",
  "gender": "Female",
  "dateOfBirth": {
    "$date": "1983-04-20T00:00:00.000Z"
  },
  "address": {
    "street": "5 Perungudi Main Road",
    "city": "Chennai",
    "state": "Tamil Nadu",
    "postalCode": "600096"
  },
  "emergencyContact": {
    "name": "Krishnan V",
    "phone": "9000000266",
    "relation": "Father"
  },
  "password": "$2b$10$MuKMv5ucRuW56Nd5n65.a.e7NlTVKr2JqqtR9ZIJQ6vYIv36QqyT2",
  "patientId": "3vOxtn",
  "createdAt": {
    "$date": "2025-06-18T12:52:05.484Z"
  },
  "updatedAt": {
    "$date": "2025-06-18T12:52:05.484Z"
  },
  "__v": 0
},
{
  "_id": {
    "$oid": "6852b6756275767e4cf87e3d"
  },
  "name": "Sangeetha S",
  "phone": "9000000028",
  "email": "sangeetha.s@example.com",
  "gender": "Female",
  "dateOfBirth": {
    "$date": "1998-10-02T00:00:00.000Z"
  },
  "address": {
    "street": "12 Medavakkam Main Road",
    "city": "Chennai",
    "state": "Tamil Nadu",
    "postalCode": "600100"
  },
  "emergencyContact": {
    "name": "Srinivasan S",
    "phone": "9000000288",
    "relation": "Father"
  },
  "password": "$2b$10$/7hVFYGafoKL6nI.eTK7OOnRPWj5v3TtpjzSb.oBHOfkJKtCNAyYq",
  "patientId": "7RdG6n",
  "createdAt": {
    "$date": "2025-06-18T12:52:05.484Z"
  },
  "updatedAt": {
    "$date": "2025-06-18T12:52:05.484Z"
  },
  "__v": 0
},
{
  "_id": {
    "$oid": "6852b6756275767e4cf87e3e"
  },
  "name": "Rohit V",
  "phone": "9000000029",
  "email": "rohit.v@example.com",
  "gender": "Male",
  "dateOfBirth": {
    "$date": "1980-05-19T00:00:00.000Z"
  },
  "address": {
    "street": "23 Saidapet West Road",
    "city": "Chennai",
    "state": "Tamil Nadu",
    "postalCode": "600015"
  },
  "emergencyContact": {
    "name": "Venkatesh R",
    "phone": "9000000299",
    "relation": "Father"
  },
  "password": "$2b$10$B/.cGW9t9nTpL60kGC24e.2ti7Vlv9QPwer4CGRvk/YCeaNe2wlKC",
  "patientId": "2KH3ZD",
  "createdAt": {
    "$date": "2025-06-18T12:52:05.484Z"
  },
  "updatedAt": {
    "$date": "2025-06-18T12:52:05.484Z"
  },
  "__v": 0
},
{
  "_id": {
    "$oid": "6852b6756275767e4cf87e40"
  },
  "name": "Vikram S",
  "phone": "9000000031",
  "email": "vikram.s@example.com",
  "gender": "Male",
  "dateOfBirth": {
    "$date": "1989-09-15T00:00:00.000Z"
  },
  "address": {
    "street": "19 Avadi Main Road",
    "city": "Chennai",
    "state": "Tamil Nadu",
    "postalCode": "600054"
  },
  "emergencyContact": {
    "name": "Sundar S",
    "phone": "9000000311",
    "relation": "Father"
  },
  "password": "$2b$10$aX6cLygGdBLuFSRCioUWgOrFsmytDTPNPawCqFXKKZkt72StqHxMq",
  "patientId": "BiUbtN",
  "createdAt": {
    "$date": "2025-06-18T12:52:05.484Z"
  },
  "updatedAt": {
    "$date": "2025-06-18T12:52:05.484Z"
  },
  "__v": 0
},
{
  "_id": {
    "$oid": "6852b6756275767e4cf87e41"
  },
  "name": "Shobana R",
  "phone": "9000000032",
  "email": "shobana.r@example.com",
  "gender": "Female",
  "dateOfBirth": {
    "$date": "1996-04-18T00:00:00.000Z"
  },
  "address": {
    "street": "7 Villivakkam High Road",
    "city": "Chennai",
    "state": "Tamil Nadu",
    "postalCode": "600049"
  },
  "emergencyContact": {
    "name": "Raman R",
    "phone": "9000000322",
    "relation": "Father"
  },
  "password": "$2b$10$nw19cShnzdiU3mhZBGb3C.4NQxdgeMz8aN20SUtell1fD5mcUmaRe",
  "patientId": "cg7el5",
  "createdAt": {
    "$date": "2025-06-18T12:52:05.484Z"
  },
  "updatedAt": {
    "$date": "2025-06-18T12:52:05.484Z"
  },
  "__v": 0
},
{
  "_id": {
    "$oid": "6852b6756275767e4cf87e3f"
  },
  "name": "Aarthi M",
  "phone": "9000000030",
  "email": "aarthi.m@example.com",
  "gender": "Female",
  "dateOfBirth": {
    "$date": "1993-01-22T00:00:00.000Z"
  },
  "address": {
    "street": "14 Kodambakkam High Road",
    "city": "Chennai",
    "state": "Tamil Nadu",
    "postalCode": "600024"
  },
  "emergencyContact": {
    "name": "Murugan M",
    "phone": "9000000300",
    "relation": "Father"
  },
  "password": "$2b$10$4eQDHnY2NgLOtbRUkrh01eP5Xk0KUu/lBLvd.agyrpZyAzhAdEzX.",
  "patientId": "vVHwT8",
  "createdAt": {
    "$date": "2025-06-18T12:52:05.484Z"
  },
  "updatedAt": {
    "$date": "2025-06-18T12:52:05.484Z"
  },
  "__v": 0
},
{
  "_id": {
    "$oid": "6852b6756275767e4cf87e42"
  },
  "name": "Raghavendra K",
  "phone": "9000000033",
  "email": "raghavendra.k@example.com",
  "gender": "Male",
  "dateOfBirth": {
    "$date": "1982-07-27T00:00:00.000Z"
  },
  "address": {
    "street": "21 Mogappair Main Road",
    "city": "Chennai",
    "state": "Tamil Nadu",
    "postalCode": "600037"
  },
  "emergencyContact": {
    "name": "Keshav K",
    "phone": "9000000333",
    "relation": "Father"
  },
  "password": "$2b$10$KyM21aHaMnvjo23vqAi3pOe.DleqAi0r12SRsD6wo4K35oalS5Psq",
  "patientId": "IBg1mC",
  "createdAt": {
    "$date": "2025-06-18T12:52:05.484Z"
  },
  "updatedAt": {
    "$date": "2025-06-18T12:52:05.484Z"
  },
  "__v": 0
},
{
  "_id": {
    "$oid": "6852b6756275767e4cf87e43"
  },
  "name": "Sowmya S",
  "phone": "9000000034",
  "email": "sowmya.s@example.com",
  "gender": "Female",
  "dateOfBirth": {
    "$date": "1992-12-05T00:00:00.000Z"
  },
  "address": {
    "street": "34 Ayanavaram High Road",
    "city": "Chennai",
    "state": "Tamil Nadu",
    "postalCode": "600023"
  },
  "emergencyContact": {
    "name": "Srinivas S",
    "phone": "9000000344",
    "relation": "Father"
  },
  "password": "$2b$10$54F46tF.A5F0hXX.YSLq1.0XmvTi4eMDDgEdUIjIGBOMxoq8WWVAa",
  "patientId": "f3Xd2C",
  "createdAt": {
    "$date": "2025-06-18T12:52:05.484Z"
  },
  "updatedAt": {
    "$date": "2025-06-18T12:52:05.484Z"
  },
  "__v": 0
},
{
  "_id": {
    "$oid": "6852b6756275767e4cf87e30"
  },
  "name": "Manoj Shankar",
  "phone": "9000000015",
  "email": "manoj.shankar@example.com",
  "gender": "Male",
  "dateOfBirth": {
    "$date": "1982-12-12T00:00:00.000Z"
  },
  "address": {
    "street": "22 Nungambakkam High Road",
    "city": "Chennai",
    "state": "Tamil Nadu",
    "postalCode": "600034"
  },
  "emergencyContact": {
    "name": "Shankar Rao",
    "phone": "9000000155",
    "relation": "Father"
  },
  "password": "$2b$10$158CergJWGhR8dKR//kw5ujhwv1ux2e8Z81MuqFlJqXGUldyE0TKK",
  "patientId": "ykjr17",
  "createdAt": {
    "$date": "2025-06-18T12:52:05.483Z"
  },
  "updatedAt": {
    "$date": "2025-06-18T12:52:05.483Z"
  },
  "__v": 0
},
{
  "_id": {
    "$oid": "6852b6756275767e4cf87e44"
  },
  "name": "Prakash M",
  "phone": "9000000035",
  "email": "prakash.m@example.com",
  "gender": "Male",
  "dateOfBirth": {
    "$date": "1984-11-16T00:00:00.000Z"
  },
  "address": {
    "street": "18 Purasawalkam High Road",
    "city": "Chennai",
    "state": "Tamil Nadu",
    "postalCode": "600007"
  },
  "emergencyContact": {
    "name": "Mohan M",
    "phone": "9000000355",
    "relation": "Father"
  },
  "password": "$2b$10$VnHLQ.dQE/416Z2Yk/KVXOQofm2XmpfOdaLkGap0TJDBCgVzJ8gVq",
  "patientId": "1RskiF",
  "createdAt": {
    "$date": "2025-06-18T12:52:05.484Z"
  },
  "updatedAt": {
    "$date": "2025-06-18T12:52:05.484Z"
  },
  "__v": 0
},
{
  "_id": {
    "$oid": "6852b6756275767e4cf87e31"
  },
  "name": "Lavanya S",
  "phone": "9000000016",
  "email": "lavanya.s@example.com",
  "gender": "Female",
  "dateOfBirth": {
    "$date": "1999-07-19T00:00:00.000Z"
  },
  "address": {
    "street": "17 Perambur Main Road",
    "city": "Chennai",
    "state": "Tamil Nadu",
    "postalCode": "600011"
  },
  "emergencyContact": {
    "name": "Sundar S",
    "phone": "9000000166",
    "relation": "Brother"
  },
  "password": "$2b$10$JMMuhN36pRNQHX0mKe9BIexgniuaE5pd0OeEAgf7KrM988LL1fQGW",
  "patientId": "t7Lx15",
  "createdAt": {
    "$date": "2025-06-18T12:52:05.483Z"
  },
  "updatedAt": {
    "$date": "2025-06-18T12:52:05.483Z"
  },
  "__v": 0
},
{
  "_id": {
    "$oid": "6852b6d06275767e4cf87e60"
  },
  "name": "Bhavani S",
  "phone": "9000000037",
  "email": "bhavani.s37@example.com",
  "gender": "Female",
  "dateOfBirth": {
    "$date": "1994-08-23T00:00:00.000Z"
  },
  "address": {
    "street": "8 T Nagar North Road",
    "city": "Chennai",
    "state": "Tamil Nadu",
    "postalCode": "600017"
  },
  "emergencyContact": {
    "name": "Suresh S",
    "phone": "9000000377",
    "relation": "Brother"
  },
  "password": "$2b$10$HwsH/ceBfvumgjcbYr/5N.7.lES3bOSlm6ZIgVfHxrsMIffo769RO",
  "patientId": "fysYyD",
  "createdAt": {
    "$date": "2025-06-18T12:53:36.703Z"
  },
  "updatedAt": {
    "$date": "2025-06-18T12:53:36.703Z"
  },
  "__v": 0
},
{
  "_id": {
    "$oid": "6852b6d06275767e4cf87e5f"
  },
  "name": "Anand Raj",
  "phone": "9000000036",
  "email": "anand.raj36@example.com",
  "gender": "Male",
  "dateOfBirth": {
    "$date": "1981-02-15T00:00:00.000Z"
  },
  "address": {
    "street": "12 Kilpauk Garden Road",
    "city": "Chennai",
    "state": "Tamil Nadu",
    "postalCode": "600010"
  },
  "emergencyContact": {
    "name": "Ravi Raj",
    "phone": "9000000366",
    "relation": "Father"
  },
  "password": "$2b$10$wPQwoxyUIAxPRtDPgCFmdu2/ZNJUYsGV6xckNtAct/T9kfbJguD7K",
  "patientId": "Hecrsk",
  "createdAt": {
    "$date": "2025-06-18T12:53:36.703Z"
  },
  "updatedAt": {
    "$date": "2025-06-18T12:53:36.703Z"
  },
  "__v": 0
},
{
  "_id": {
    "$oid": "6852b6d06275767e4cf87e62"
  },
  "name": "Sahana R",
  "phone": "9000000039",
  "email": "sahana.r39@example.com",
  "gender": "Female",
  "dateOfBirth": {
    "$date": "1983-11-05T00:00:00.000Z"
  },
  "address": {
    "street": "22 Mylapore Tank Road",
    "city": "Chennai",
    "state": "Tamil Nadu",
    "postalCode": "600004"
  },
  "emergencyContact": {
    "name": "Ramesh R",
    "phone": "9000000399",
    "relation": "Father"
  },
  "password": "$2b$10$vQJ3/Lwg5GWm1lV1UR0irO5q7ZyehbE62kk7a.A90s/LqpI0mGhwG",
  "patientId": "TJZVTB",
  "createdAt": {
    "$date": "2025-06-18T12:53:36.703Z"
  },
  "updatedAt": {
    "$date": "2025-06-18T12:53:36.703Z"
  },
  "__v": 0
},
{
  "_id": {
    "$oid": "6852b6d06275767e4cf87e64"
  },
  "name": "Priyanka N",
  "phone": "9000000041",
  "email": "priyanka.n41@example.com",
  "gender": "Female",
  "dateOfBirth": {
    "$date": "1993-03-17T00:00:00.000Z"
  },
  "address": {
    "street": "27 Besant Avenue",
    "city": "Chennai",
    "state": "Tamil Nadu",
    "postalCode": "600090"
  },
  "emergencyContact": {
    "name": "Natarajan N",
    "phone": "9000000411",
    "relation": "Father"
  },
  "password": "$2b$10$md1hTTlg/hkXMz6nVxTB1O6MJzOvRTRUGEug6qBwSGZQ2QoVquj9a",
  "patientId": "xawoSb",
  "createdAt": {
    "$date": "2025-06-18T12:53:36.703Z"
  },
  "updatedAt": {
    "$date": "2025-06-18T12:53:36.703Z"
  },
  "__v": 0
},
{
  "_id": {
    "$oid": "6852b6d06275767e4cf87e61"
  },
  "name": "Karthikeya M",
  "phone": "9000000038",
  "email": "karthikeya.m38@example.com",
  "gender": "Male",
  "dateOfBirth": {
    "$date": "1990-06-10T00:00:00.000Z"
  },
  "address": {
    "street": "15 Anna Nagar Main Road",
    "city": "Chennai",
    "state": "Tamil Nadu",
    "postalCode": "600040"
  },
  "emergencyContact": {
    "name": "Meenakshi M",
    "phone": "9000000388",
    "relation": "Mother"
  },
  "password": "$2b$10$LYlricb9FhOa4Y6oConjuOEygPaNOAcU4gEglxx8NYiGmqh.55J4e",
  "patientId": "5V1PlP",
  "createdAt": {
    "$date": "2025-06-18T12:53:36.703Z"
  },
  "updatedAt": {
    "$date": "2025-06-18T12:53:36.703Z"
  },
  "__v": 0
},
{
  "_id": {
    "$oid": "6852b6d06275767e4cf87e63"
  },
  "name": "Vikramaditya S",
  "phone": "9000000040",
  "email": "vikramaditya.s40@example.com",
  "gender": "Male",
  "dateOfBirth": {
    "$date": "1997-09-21T00:00:00.000Z"
  },
  "address": {
    "street": "18 Adyar River Road",
    "city": "Chennai",
    "state": "Tamil Nadu",
    "postalCode": "600020"
  },
  "emergencyContact": {
    "name": "Sundari S",
    "phone": "9000000400",
    "relation": "Mother"
  },
  "password": "$2b$10$IwGi496okrOdPmMn/cqNgOLUU4xlgj./kEIVCNhYsJ54vxjTob.1W",
  "patientId": "z13f0e",
  "createdAt": {
    "$date": "2025-06-18T12:53:36.703Z"
  },
  "updatedAt": {
    "$date": "2025-06-18T12:53:36.703Z"
  },
  "__v": 0
},
{
  "_id": {
    "$oid": "6852b6d06275767e4cf87e65"
  },
  "name": "Srinath S",
  "phone": "9000000042",
  "email": "srinath.s42@example.com",
  "gender": "Male",
  "dateOfBirth": {
    "$date": "1985-12-28T00:00:00.000Z"
  },
  "address": {
    "street": "34 Mandaveli Main Road",
    "city": "Chennai",
    "state": "Tamil Nadu",
    "postalCode": "600028"
  },
  "emergencyContact": {
    "name": "Sivakumar S",
    "phone": "9000000422",
    "relation": "Father"
  },
  "password": "$2b$10$Q5TkAarOs.ANuw6jX9NBrOufXcyjkTIsClsXvoj/VubHeW1mBLsDa",
  "patientId": "Ew-tRO",
  "createdAt": {
    "$date": "2025-06-18T12:53:36.703Z"
  },
  "updatedAt": {
    "$date": "2025-06-18T12:53:36.703Z"
  },
  "__v": 0
},
{
  "_id": {
    "$oid": "6852b6d06275767e4cf87e66"
  },
  "name": "Madhavi K",
  "phone": "9000000043",
  "email": "madhavi.k43@example.com",
  "gender": "Female",
  "dateOfBirth": {
    "$date": "1988-07-11T00:00:00.000Z"
  },
  "address": {
    "street": "16 Guindy Park Road",
    "city": "Chennai",
    "state": "Tamil Nadu",
    "postalCode": "600032"
  },
  "emergencyContact": {
    "name": "Krishnan K",
    "phone": "9000000433",
    "relation": "Father"
  },
  "password": "$2b$10$cZtrDCaWKCCFGAdTDaJzj.ID59xIKuq9nvZE0oK6fevGdob23A/s.",
  "patientId": "7t6GS6",
  "createdAt": {
    "$date": "2025-06-18T12:53:36.703Z"
  },
  "updatedAt": {
    "$date": "2025-06-18T12:53:36.703Z"
  },
  "__v": 0
},
{
  "_id": {
    "$oid": "6852b6d06275767e4cf87e67"
  },
  "name": "Rajeshwari S",
  "phone": "9000000044",
  "email": "rajeshwari.s44@example.com",
  "gender": "Female",
  "dateOfBirth": {
    "$date": "1992-05-05T00:00:00.000Z"
  },
  "address": {
    "street": "19 Taramani Link Road",
    "city": "Chennai",
    "state": "Tamil Nadu",
    "postalCode": "600113"
  },
  "emergencyContact": {
    "name": "Sundar S",
    "phone": "9000000444",
    "relation": "Father"
  },
  "password": "$2b$10$BT7LYsXgQImP.TtxD9E2meCJIKnEBLm3yX14ja3ll0RJk.xJDPuom",
  "patientId": "BHcSq-",
  "createdAt": {
    "$date": "2025-06-18T12:53:36.703Z"
  },
  "updatedAt": {
    "$date": "2025-06-18T12:53:36.703Z"
  },
  "__v": 0
},
{
  "_id": {
    "$oid": "6852b6d06275767e4cf87e68"
  },
  "name": "Arvindh N",
  "phone": "9000000045",
  "email": "arvindh.n45@example.com",
  "gender": "Male",
  "dateOfBirth": {
    "$date": "1984-10-19T00:00:00.000Z"
  },
  "address": {
    "street": "23 Velachery Road",
    "city": "Chennai",
    "state": "Tamil Nadu",
    "postalCode": "600042"
  },
  "emergencyContact": {
    "name": "Natesan N",
    "phone": "9000000455",
    "relation": "Father"
  },
  "password": "$2b$10$vtEJrugtVM.ysX4f6YCeiOELtOpv.27Prb1BBwP9eUh5VpeB01hCG",
  "patientId": "dw_YdA",
  "createdAt": {
    "$date": "2025-06-18T12:53:36.703Z"
  },
  "updatedAt": {
    "$date": "2025-06-18T12:53:36.703Z"
  },
  "__v": 0
},
{
  "_id": {
    "$oid": "6852b6d06275767e4cf87e69"
  },
  "name": "Deepika S",
  "phone": "9000000046",
  "email": "deepika.s46@example.com",
  "gender": "Female",
  "dateOfBirth": {
    "$date": "1996-01-23T00:00:00.000Z"
  },
  "address": {
    "street": "10 Saidapet Road",
    "city": "Chennai",
    "state": "Tamil Nadu",
    "postalCode": "600015"
  },
  "emergencyContact": {
    "name": "Srinivas S",
    "phone": "9000000466",
    "relation": "Father"
  },
  "password": "$2b$10$d2RME93ZPQNHVdFEI4vd3OYMFi8RU2qSz4chgK6dbABseuBKXOjhK",
  "patientId": "MqljxG",
  "createdAt": {
    "$date": "2025-06-18T12:53:36.703Z"
  },
  "updatedAt": {
    "$date": "2025-06-18T12:53:36.703Z"
  },
  "__v": 0
},
{
  "_id": {
    "$oid": "6852b6d06275767e4cf87e6a"
  },
  "name": "Sathya Narayanan",
  "phone": "9000000047",
  "email": "sathya.narayanan47@example.com",
  "gender": "Male",
  "dateOfBirth": {
    "$date": "1987-06-18T00:00:00.000Z"
  },
  "address": {
    "street": "11 Kodambakkam Road",
    "city": "Chennai",
    "state": "Tamil Nadu",
    "postalCode": "600024"
  },
  "emergencyContact": {
    "name": "Narayanan S",
    "phone": "9000000477",
    "relation": "Father"
  },
  "password": "$2b$10$4RcNXmYAeeqdrrzCPAfcq.G81fiu4s/JQvfoMJ8nCG7h/6DLewAwG",
  "patientId": "vfjVxs",
  "createdAt": {
    "$date": "2025-06-18T12:53:36.703Z"
  },
  "updatedAt": {
    "$date": "2025-06-18T12:53:36.703Z"
  },
  "__v": 0
},
{
  "_id": {
    "$oid": "6852b6d06275767e4cf87e6b"
  },
  "name": "Sowmya R",
  "phone": "9000000048",
  "email": "sowmya.r48@example.com",
  "gender": "Female",
  "dateOfBirth": {
    "$date": "1991-03-29T00:00:00.000Z"
  },
  "address": {
    "street": "19 Ambattur Road",
    "city": "Chennai",
    "state": "Tamil Nadu",
    "postalCode": "600053"
  },
  "emergencyContact": {
    "name": "Raghavan R",
    "phone": "9000000488",
    "relation": "Father"
  },
  "password": "$2b$10$.47iO.pU0.1.2Jc/zJSVQujDwZYExdNsga0YRnl0e09ltEOA0QWHG",
  "patientId": "gU10DW",
  "createdAt": {
    "$date": "2025-06-18T12:53:36.703Z"
  },
  "updatedAt": {
    "$date": "2025-06-18T12:53:36.703Z"
  },
  "__v": 0
},
{
  "_id": {
    "$oid": "6852b6d06275767e4cf87e6c"
  },
  "name": "Praveen Kumar",
  "phone": "9000000049",
  "email": "praveen.kumar49@example.com",
  "gender": "Male",
  "dateOfBirth": {
    "$date": "1982-04-17T00:00:00.000Z"
  },
  "address": {
    "street": "13 Perambur Barracks Road",
    "city": "Chennai",
    "state": "Tamil Nadu",
    "postalCode": "600011"
  },
  "emergencyContact": {
    "name": "Kumaravel P",
    "phone": "9000000499",
    "relation": "Father"
  },
  "password": "$2b$10$6IkJL.9U3wqNw9fNAlJ3LuPCadz7dpOzTqYQFocKDVaNjdSOTQP0G",
  "patientId": "e--kK1",
  "createdAt": {
    "$date": "2025-06-18T12:53:36.703Z"
  },
  "updatedAt": {
    "$date": "2025-06-18T12:53:36.703Z"
  },
  "__v": 0
},
{
  "_id": {
    "$oid": "6852b6d06275767e4cf87e6d"
  },
  "name": "Janani S",
  "phone": "9000000050",
  "email": "janani.s50@example.com",
  "gender": "Female",
  "dateOfBirth": {
    "$date": "1998-09-12T00:00:00.000Z"
  },
  "address": {
    "street": "8 Royapuram High Road",
    "city": "Chennai",
    "state": "Tamil Nadu",
    "postalCode": "600013"
  },
  "emergencyContact": {
    "name": "Srinivasan J",
    "phone": "9000000500",
    "relation": "Father"
  },
  "password": "$2b$10$N3KffVfxUWTeCPVhYL4cE.FrFLmyeoDYWiyqBC17x8DO2UI5Rs0gK",
  "patientId": "tIKbOu",
  "createdAt": {
    "$date": "2025-06-18T12:53:36.703Z"
  },
  "updatedAt": {
    "$date": "2025-06-18T12:53:36.703Z"
  },
  "__v": 0
},
{
  "_id": {
    "$oid": "6852b6d06275767e4cf87e6f"
  },
  "name": "Rajalakshmi N",
  "phone": "9000000052",
  "email": "rajalakshmi.n52@example.com",
  "gender": "Female",
  "dateOfBirth": {
    "$date": "1992-11-14T00:00:00.000Z"
  },
  "address": {
    "street": "11 Thiruvanmiyur Road",
    "city": "Chennai",
    "state": "Tamil Nadu",
    "postalCode": "600041"
  },
  "emergencyContact": {
    "name": "Natarajan N",
    "phone": "9000000522",
    "relation": "Father"
  },
  "password": "$2b$10$f5f4AHPPm1zzVphQn/U/SO.myd0c6uOV3ZYjWX4oWIdIBR7/TaNam",
  "patientId": "FvKcTe",
  "createdAt": {
    "$date": "2025-06-18T12:53:36.703Z"
  },
  "updatedAt": {
    "$date": "2025-06-18T12:53:36.703Z"
  },
  "__v": 0
},
{
  "_id": {
    "$oid": "6852b6d06275767e4cf87e6e"
  },
  "name": "Vigneshwaran S",
  "phone": "9000000051",
  "email": "vigneshwaran.s51@example.com",
  "gender": "Male",
  "dateOfBirth": {
    "$date": "1986-02-22T00:00:00.000Z"
  },
  "address": {
    "street": "14 Vadapalani Main Road",
    "city": "Chennai",
    "state": "Tamil Nadu",
    "postalCode": "600026"
  },
  "emergencyContact": {
    "name": "Sankaran S",
    "phone": "9000000511",
    "relation": "Father"
  },
  "password": "$2b$10$Ly9lxDKGbiq0CGPr67Wm/eN/O643omTXbzj5zsHUkmVQTkDkVZaXK",
  "patientId": "9LkLI4",
  "createdAt": {
    "$date": "2025-06-18T12:53:36.703Z"
  },
  "updatedAt": {
    "$date": "2025-06-18T12:53:36.703Z"
  },
  "__v": 0
},
{
  "_id": {
    "$oid": "6852b6d06275767e4cf87e70"
  },
  "name": "Arunachalam S",
  "phone": "9000000053",
  "email": "arunachalam.s53@example.com",
  "gender": "Male",
  "dateOfBirth": {
    "$date": "1983-10-30T00:00:00.000Z"
  },
  "address": {
    "street": "16 Chromepet Main Road",
    "city": "Chennai",
    "state": "Tamil Nadu",
    "postalCode": "600044"
  },
  "emergencyContact": {
    "name": "Sundaram S",
    "phone": "9000000533",
    "relation": "Father"
  },
  "password": "$2b$10$nmMw1tJQ6H0QjXsaRrfar.D4BtG46UfhaCIPJkIxX8Fnl/SgW/1NG",
  "patientId": "_b01UR",
  "createdAt": {
    "$date": "2025-06-18T12:53:36.703Z"
  },
  "updatedAt": {
    "$date": "2025-06-18T12:53:36.703Z"
  },
  "__v": 0
},
{
  "_id": {
    "$oid": "6852b6d06275767e4cf87e71"
  },
  "name": "Nithya S",
  "phone": "9000000054",
  "email": "nithya.s54@example.com",
  "gender": "Female",
  "dateOfBirth": {
    "$date": "1997-12-03T00:00:00.000Z"
  },
  "address": {
    "street": "7 Pallavaram Road",
    "city": "Chennai",
    "state": "Tamil Nadu",
    "postalCode": "600043"
  },
  "emergencyContact": {
    "name": "Srinivasan N",
    "phone": "9000000544",
    "relation": "Father"
  },
  "password": "$2b$10$Ntd9uQGBRU19hztosVP1zeVo0d7/GLsDMCfineUHdNLy3mpXf2Ngi",
  "patientId": "WLG-eb",
  "createdAt": {
    "$date": "2025-06-18T12:53:36.704Z"
  },
  "updatedAt": {
    "$date": "2025-06-18T12:53:36.704Z"
  },
  "__v": 0
},
{
  "_id": {
    "$oid": "6852b6d06275767e4cf87e72"
  },
  "name": "Sundar Raj",
  "phone": "9000000055",
  "email": "sundar.raj55@example.com",
  "gender": "Male",
  "dateOfBirth": {
    "$date": "1989-06-25T00:00:00.000Z"
  },
  "address": {
    "street": "21 Perungudi Main Road",
    "city": "Chennai",
    "state": "Tamil Nadu",
    "postalCode": "600096"
  },
  "emergencyContact": {
    "name": "Rajeshwari S",
    "phone": "9000000555",
    "relation": "Mother"
  },
  "password": "$2b$10$.C7OSF.Y/kyqgmGd7f6lhOQLX07OivJboL.UowoF0Kzmw3jNpgS4C",
  "patientId": "fv56EL",
  "createdAt": {
    "$date": "2025-06-18T12:53:36.704Z"
  },
  "updatedAt": {
    "$date": "2025-06-18T12:53:36.704Z"
  },
  "__v": 0
},
{
  "_id": {
    "$oid": "6852b6d06275767e4cf87e74"
  },
  "name": "Pranav S",
  "phone": "9000000057",
  "email": "pranav.s57@example.com",
  "gender": "Male",
  "dateOfBirth": {
    "$date": "1991-08-31T00:00:00.000Z"
  },
  "address": {
    "street": "9 Medavakkam Main Road",
    "city": "Chennai",
    "state": "Tamil Nadu",
    "postalCode": "600100"
  },
  "emergencyContact": {
    "name": "Sundar S",
    "phone": "9000000577",
    "relation": "Father"
  },
  "password": "$2b$10$Yub/jC8/2Xlz7tHMIn/WNu0nHYahOVC7iauQTG98Wfi8KhsI831Kq",
  "patientId": "AJftQh",
  "createdAt": {
    "$date": "2025-06-18T12:53:36.704Z"
  },
  "updatedAt": {
    "$date": "2025-06-18T12:53:36.704Z"
  },
  "__v": 0
},
{
  "_id": {
    "$oid": "6852b6d06275767e4cf87e73"
  },
  "name": "Gayathri S",
  "phone": "9000000056",
  "email": "gayathri.s56@example.com",
  "gender": "Female",
  "dateOfBirth": {
    "$date": "1994-04-04T00:00:00.000Z"
  },
  "address": {
    "street": "13 Sholinganallur Road",
    "city": "Chennai",
    "state": "Tamil Nadu",
    "postalCode": "600119"
  },
  "emergencyContact": {
    "name": "Srinivas S",
    "phone": "9000000566",
    "relation": "Father"
  },
  "password": "$2b$10$t44Kfpa058s5xvw0hxfp8.02JRUBiggX3Mb83OKGMwuIadwnc4CAq",
  "patientId": "JdV0i4",
  "createdAt": {
    "$date": "2025-06-18T12:53:36.704Z"
  },
  "updatedAt": {
    "$date": "2025-06-18T12:53:36.704Z"
  },
  "__v": 0
},
{
  "_id": {
    "$oid": "6852b6d06275767e4cf87e75"
  },
  "name": "Aparna R",
  "phone": "9000000058",
  "email": "aparna.r58@example.com",
  "gender": "Female",
  "dateOfBirth": {
    "$date": "1993-05-18T00:00:00.000Z"
  },
  "address": {
    "street": "10 Saidapet West Road",
    "city": "Chennai",
    "state": "Tamil Nadu",
    "postalCode": "600015"
  },
  "emergencyContact": {
    "name": "Raghavan R",
    "phone": "9000000588",
    "relation": "Father"
  },
  "password": "$2b$10$AMVgKAERCkbga5Pd9u8Ql.Pyhr36mQEak5MyYY3BvUtzdNejR7LUq",
  "patientId": "N4Hcrh",
  "createdAt": {
    "$date": "2025-06-18T12:53:36.704Z"
  },
  "updatedAt": {
    "$date": "2025-06-18T12:53:36.704Z"
  },
  "__v": 0
},
{
  "_id": {
    "$oid": "6852b6d06275767e4cf87e76"
  },
  "name": "Yogesh S",
  "phone": "9000000059",
  "email": "yogesh.s59@example.com",
  "gender": "Male",
  "dateOfBirth": {
    "$date": "1987-03-15T00:00:00.000Z"
  },
  "address": {
    "street": "15 Kodambakkam High Road",
    "city": "Chennai",
    "state": "Tamil Nadu",
    "postalCode": "600024"
  },
  "emergencyContact": {
    "name": "Srinivas Y",
    "phone": "9000000599",
    "relation": "Father"
  },
  "password": "$2b$10$mAQpqR2Dys0JRLjU0HFMTONwtZLj4Jc/uSZTZn1YRpw4piABw210i",
  "patientId": "P9Jwg7",
  "createdAt": {
    "$date": "2025-06-18T12:53:36.704Z"
  },
  "updatedAt": {
    "$date": "2025-06-18T12:53:36.704Z"
  },
  "__v": 0
},
{
  "_id": {
    "$oid": "6852b6d06275767e4cf87e77"
  },
  "name": "Meenakshi S",
  "phone": "9000000060",
  "email": "meenakshi.s60@example.com",
  "gender": "Female",
  "dateOfBirth": {
    "$date": "1998-11-07T00:00:00.000Z"
  },
  "address": {
    "street": "18 Avadi Main Road",
    "city": "Chennai",
    "state": "Tamil Nadu",
    "postalCode": "600054"
  },
  "emergencyContact": {
    "name": "Sundar S",
    "phone": "9000000600",
    "relation": "Father"
  },
  "password": "$2b$10$OAv0.hZBUrEkfkd0B.2jGe7F2m0PDxW1xT5aZUqHyYLPG4dOMqaSy",
  "patientId": "D82yaS",
  "createdAt": {
    "$date": "2025-06-18T12:53:36.704Z"
  },
  "updatedAt": {
    "$date": "2025-06-18T12:53:36.704Z"
  },
  "__v": 0
},
{
  "_id": {
    "$oid": "6852b6d06275767e4cf87e78"
  },
  "name": "Sridharan S",
  "phone": "9000000061",
  "email": "sridharan.s61@example.com",
  "gender": "Male",
  "dateOfBirth": {
    "$date": "1985-10-11T00:00:00.000Z"
  },
  "address": {
    "street": "7 Villivakkam High Road",
    "city": "Chennai",
    "state": "Tamil Nadu",
    "postalCode": "600049"
  },
  "emergencyContact": {
    "name": "Raman S",
    "phone": "9000000611",
    "relation": "Father"
  },
  "password": "$2b$10$mHbcNwm1.xi4l/1JpeN9/uF4jXki4/mTnxFV7Lu8KkOtD5es11tGK",
  "patientId": "ou8TNP",
  "createdAt": {
    "$date": "2025-06-18T12:53:36.704Z"
  },
  "updatedAt": {
    "$date": "2025-06-18T12:53:36.704Z"
  },
  "__v": 0
},
{
  "_id": {
    "$oid": "6852b6d06275767e4cf87e79"
  },
  "name": "Sharmila R",
  "phone": "9000000062",
  "email": "sharmila.r62@example.com",
  "gender": "Female",
  "dateOfBirth": {
    "$date": "1992-12-15T00:00:00.000Z"
  },
  "address": {
    "street": "14 Mogappair Main Road",
    "city": "Chennai",
    "state": "Tamil Nadu",
    "postalCode": "600037"
  },
  "emergencyContact": {
    "name": "Raman R",
    "phone": "9000000622",
    "relation": "Father"
  },
  "password": "$2b$10$jOFyDGbfluWreGLygKWtbuCeKR.BpjREZ1gihzmDgnKWBnYxIRblK",
  "patientId": "B0U1NJ",
  "createdAt": {
    "$date": "2025-06-18T12:53:36.704Z"
  },
  "updatedAt": {
    "$date": "2025-06-18T12:53:36.704Z"
  },
  "__v": 0
},
{
  "_id": {
    "$oid": "6852b6d06275767e4cf87e7a"
  },
  "name": "Ravikumar S",
  "phone": "9000000063",
  "email": "ravikumar.s63@example.com",
  "gender": "Male",
  "dateOfBirth": {
    "$date": "1986-07-23T00:00:00.000Z"
  },
  "address": {
    "street": "21 Ayanavaram High Road",
    "city": "Chennai",
    "state": "Tamil Nadu",
    "postalCode": "600023"
  },
  "emergencyContact": {
    "name": "Srinivas R",
    "phone": "9000000633",
    "relation": "Father"
  },
  "password": "$2b$10$ZtWaQxrm0KZqdCupPGMCheVUXSe1kDauUFZ/tRspRE8oKMuek4ztC",
  "patientId": "JyPEqV",
  "createdAt": {
    "$date": "2025-06-18T12:53:36.704Z"
  },
  "updatedAt": {
    "$date": "2025-06-18T12:53:36.704Z"
  },
  "__v": 0
},
{
  "_id": {
    "$oid": "6852b6d06275767e4cf87e7b"
  },
  "name": "Sujatha M",
  "phone": "9000000064",
  "email": "sujatha.m64@example.com",
  "gender": "Female",
  "dateOfBirth": {
    "$date": "1991-10-02T00:00:00.000Z"
  },
  "address": {
    "street": "12 Purasawalkam High Road",
    "city": "Chennai",
    "state": "Tamil Nadu",
    "postalCode": "600007"
  },
  "emergencyContact": {
    "name": "Murugan M",
    "phone": "9000000644",
    "relation": "Father"
  },
  "password": "$2b$10$MUL1YC3ZlDKWns4kcGTXeussjhfoB6z/wTY4sEvdEleSSbi.onrti",
  "patientId": "IHYeA6",
  "createdAt": {
    "$date": "2025-06-18T12:53:36.704Z"
  },
  "updatedAt": {
    "$date": "2025-06-18T12:53:36.704Z"
  },
  "__v": 0
},
{
  "_id": {
    "$oid": "6852b6d06275767e4cf87e7c"
  },
  "name": "Vijayalakshmi S",
  "phone": "9000000065",
  "email": "vijayalakshmi.s65@example.com",
  "gender": "Female",
  "dateOfBirth": {
    "$date": "1988-04-28T00:00:00.000Z"
  },
  "address": {
    "street": "10 Royapuram High Road",
    "city": "Chennai",
    "state": "Tamil Nadu",
    "postalCode": "600013"
  },
  "emergencyContact": {
    "name": "Srinivas V",
    "phone": "9000000655",
    "relation": "Father"
  },
  "password": "$2b$10$x5sEdLnm3D4TFPR1xqjikOEnQUeHRpPS8tKGzJtjTIjydLMipkZeK",
  "patientId": "KQGvO1",
  "createdAt": {
    "$date": "2025-06-18T12:53:36.704Z"
  },
  "updatedAt": {
    "$date": "2025-06-18T12:53:36.704Z"
  },
  "__v": 0
},
{
  "_id": {
    "$oid": "6852b6d06275767e4cf87e7d"
  },
  "name": "Sathish S",
  "phone": "9000000066",
  "email": "sathish.s66@example.com",
  "gender": "Male",
  "dateOfBirth": {
    "$date": "1990-03-12T00:00:00.000Z"
  },
  "address": {
    "street": "19 Vadapalani Main Road",
    "city": "Chennai",
    "state": "Tamil Nadu",
    "postalCode": "600026"
  },
  "emergencyContact": {
    "name": "Sundaram S",
    "phone": "9000000666",
    "relation": "Father"
  },
  "password": "$2b$10$B6JyHRce9yXHkEpF7bZtvOQ0Ch6XvdJ/XmiCqmvuCqtil.uraOSHW",
  "patientId": "Miv_5z",
  "createdAt": {
    "$date": "2025-06-18T12:53:36.704Z"
  },
  "updatedAt": {
    "$date": "2025-06-18T12:53:36.704Z"
  },
  "__v": 0
},
{
  "_id": {
    "$oid": "6852b6d06275767e4cf87e7e"
  },
  "name": "Divyashree S",
  "phone": "9000000067",
  "email": "divyashree.s67@example.com",
  "gender": "Female",
  "dateOfBirth": {
    "$date": "1995-07-09T00:00:00.000Z"
  },
  "address": {
    "street": "11 Thiruvanmiyur Road",
    "city": "Chennai",
    "state": "Tamil Nadu",
    "postalCode": "600041"
  },
  "emergencyContact": {
    "name": "Srinivas D",
    "phone": "9000000677",
    "relation": "Father"
  },
  "password": "$2b$10$iUef7noDGHHDqoI5Fo/nD.VY9PhGVRQ.oWW6aZ9yuAMu8Sv0cUEoa",
  "patientId": "0JQ1gz",
  "createdAt": {
    "$date": "2025-06-18T12:53:36.704Z"
  },
  "updatedAt": {
    "$date": "2025-06-18T12:53:36.704Z"
  },
  "__v": 0
},
{
  "_id": {
    "$oid": "6852b6d06275767e4cf87e7f"
  },
  "name": "Karthikeyan S",
  "phone": "9000000068",
  "email": "karthikeyan.s68@example.com",
  "gender": "Male",
  "dateOfBirth": {
    "$date": "1987-11-22T00:00:00.000Z"
  },
  "address": {
    "street": "16 Chromepet Main Road",
    "city": "Chennai",
    "state": "Tamil Nadu",
    "postalCode": "600044"
  },
  "emergencyContact": {
    "name": "Sundaram K",
    "phone": "9000000688",
    "relation": "Father"
  },
  "password": "$2b$10$8eexOCRrwWLS.dpe6Br4neL4L9Y15Ep/7q3kFhyfKKyVjet4lPxvC",
  "patientId": "wo3mHY",
  "createdAt": {
    "$date": "2025-06-18T12:53:36.704Z"
  },
  "updatedAt": {
    "$date": "2025-06-18T12:53:36.704Z"
  },
  "__v": 0
},
{
  "_id": {
    "$oid": "6852b6d06275767e4cf87e80"
  },
  "name": "Sangeetha R",
  "phone": "9000000069",
  "email": "sangeetha.r69@example.com",
  "gender": "Female",
  "dateOfBirth": {
    "$date": "1993-06-19T00:00:00.000Z"
  },
  "address": {
    "street": "7 Pallavaram Road",
    "city": "Chennai",
    "state": "Tamil Nadu",
    "postalCode": "600043"
  },
  "emergencyContact": {
    "name": "Raman S",
    "phone": "9000000699",
    "relation": "Father"
  },
  "password": "$2b$10$BHxr1X8Mfk7UI7BsIKZJIeyI8N3RbQyRoY8Vnml2Z2RiMW8Umc3xa",
  "patientId": "JXQJET",
  "createdAt": {
    "$date": "2025-06-18T12:53:36.704Z"
  },
  "updatedAt": {
    "$date": "2025-06-18T12:53:36.704Z"
  },
  "__v": 0
},
{
  "_id": {
    "$oid": "6852b6d06275767e4cf87e81"
  },
  "name": "Aravindan S",
  "phone": "9000000070",
  "email": "aravindan.s70@example.com",
  "gender": "Male",
  "dateOfBirth": {
    "$date": "1985-02-14T00:00:00.000Z"
  },
  "address": {
    "street": "12 Perungudi Main Road",
    "city": "Chennai",
    "state": "Tamil Nadu",
    "postalCode": "600096"
  },
  "emergencyContact": {
    "name": "Srinivas A",
    "phone": "9000000700",
    "relation": "Father"
  },
  "password": "$2b$10$06ZDa/Vz5KZZ.djCSOKA1.e8zJ1mHxhcpl8Q2fTDSsMfBMt1bvexS",
  "patientId": "tv66gR",
  "createdAt": {
    "$date": "2025-06-18T12:53:36.704Z"
  },
  "updatedAt": {
    "$date": "2025-06-18T12:53:36.704Z"
  },
  "__v": 0
},
{
  "_id": {
    "$oid": "6852b6d06275767e4cf87e83"
  },
  "name": "Sivakumar S",
  "phone": "9000000072",
  "email": "sivakumar.s72@example.com",
  "gender": "Male",
  "dateOfBirth": {
    "$date": "1992-10-12T00:00:00.000Z"
  },
  "address": {
    "street": "9 Medavakkam Main Road",
    "city": "Chennai",
    "state": "Tamil Nadu",
    "postalCode": "600100"
  },
  "emergencyContact": {
    "name": "Sundar S",
    "phone": "9000000722",
    "relation": "Father"
  },
  "password": "$2b$10$Q1WtH7GvD09MyD.OoUVnTOQynDWitgVy/qDvZuG.h74bOcjFNcxn6",
  "patientId": "-ffPdI",
  "createdAt": {
    "$date": "2025-06-18T12:53:36.704Z"
  },
  "updatedAt": {
    "$date": "2025-06-18T12:53:36.704Z"
  },
  "__v": 0
},
{
  "_id": {
    "$oid": "6852b6d06275767e4cf87e82"
  },
  "name": "Priyadarshini S",
  "phone": "9000000071",
  "email": "priyadarshini.s71@example.com",
  "gender": "Female",
  "dateOfBirth": {
    "$date": "1996-09-25T00:00:00.000Z"
  },
  "address": {
    "street": "13 Sholinganallur Road",
    "city": "Chennai",
    "state": "Tamil Nadu",
    "postalCode": "600119"
  },
  "emergencyContact": {
    "name": "Srinivas P",
    "phone": "9000000711",
    "relation": "Father"
  },
  "password": "$2b$10$UDEJXe5eUxZ4rjWmirQbfe4aMGCa5yr4bEy3q1WqzHwspnb5yBSpu",
  "patientId": "OeVkrr",
  "createdAt": {
    "$date": "2025-06-18T12:53:36.704Z"
  },
  "updatedAt": {
    "$date": "2025-06-18T12:53:36.704Z"
  },
  "__v": 0
},
{
  "_id": {
    "$oid": "6852b6d06275767e4cf87e84"
  },
  "name": "Aishwarya S",
  "phone": "9000000073",
  "email": "aishwarya.s73@example.com",
  "gender": "Female",
  "dateOfBirth": {
    "$date": "1994-05-16T00:00:00.000Z"
  },
  "address": {
    "street": "10 Saidapet West Road",
    "city": "Chennai",
    "state": "Tamil Nadu",
    "postalCode": "600015"
  },
  "emergencyContact": {
    "name": "Raghavan A",
    "phone": "9000000733",
    "relation": "Father"
  },
  "password": "$2b$10$nYIc.DzmhgaoAD/pJhoDG.brDqSclijnuL4xpvcSVnzQ95.m1qxRq",
  "patientId": "U6h7e9",
  "createdAt": {
    "$date": "2025-06-18T12:53:36.704Z"
  },
  "updatedAt": {
    "$date": "2025-06-18T12:53:36.704Z"
  },
  "__v": 0
},
{
  "_id": {
    "$oid": "6852b6d06275767e4cf87e85"
  },
  "name": "Naveen S",
  "phone": "9000000074",
  "email": "naveen.s74@example.com",
  "gender": "Male",
  "dateOfBirth": {
    "$date": "1989-07-11T00:00:00.000Z"
  },
  "address": {
    "street": "15 Kodambakkam High Road",
    "city": "Chennai",
    "state": "Tamil Nadu",
    "postalCode": "600024"
  },
  "emergencyContact": {
    "name": "Srinivas N",
    "phone": "9000000744",
    "relation": "Father"
  },
  "password": "$2b$10$zxjSLs/wnyAtYYrS5LMGM.C5..ieQpejZKWq2rTtBjUapJp6Q5DfW",
  "patientId": "S2hj1J",
  "createdAt": {
    "$date": "2025-06-18T12:53:36.704Z"
  },
  "updatedAt": {
    "$date": "2025-06-18T12:53:36.704Z"
  },
  "__v": 0
},
{
  "_id": {
    "$oid": "6852b6d06275767e4cf87e86"
  },
  "name": "Varsha S",
  "phone": "9000000075",
  "email": "varsha.s75@example.com",
  "gender": "Female",
  "dateOfBirth": {
    "$date": "1997-06-15T00:00:00.000Z"
  },
  "address": {
    "street": "18 Avadi Main Road",
    "city": "Chennai",
    "state": "Tamil Nadu",
    "postalCode": "600054"
  },
  "emergencyContact": {
    "name": "Sundar V",
    "phone": "9000000755",
    "relation": "Father"
  },
  "password": "$2b$10$LC.jUsQDUB3WaKDfBIExMOT9sdLC7pU3J777GXirVhlP9O5ok76RC",
  "patientId": "agEpJU",
  "createdAt": {
    "$date": "2025-06-18T12:53:36.704Z"
  },
  "updatedAt": {
    "$date": "2025-06-18T12:53:36.704Z"
  },
  "__v": 0
},
{
  "_id": {
    "$oid": "6852b6d06275767e4cf87e87"
  },
  "name": "Raja S",
  "phone": "9000000076",
  "email": "raja.s76@example.com",
  "gender": "Male",
  "dateOfBirth": {
    "$date": "1986-08-02T00:00:00.000Z"
  },
  "address": {
    "street": "7 Villivakkam High Road",
    "city": "Chennai",
    "state": "Tamil Nadu",
    "postalCode": "600049"
  },
  "emergencyContact": {
    "name": "Raman R",
    "phone": "9000000766",
    "relation": "Father"
  },
  "password": "$2b$10$ntL4JZPRYCxyXbN4WGQ3p.arEzNFkCk1wor4Fci1odDebGshrZpya",
  "patientId": "kljLWC",
  "createdAt": {
    "$date": "2025-06-18T12:53:36.704Z"
  },
  "updatedAt": {
    "$date": "2025-06-18T12:53:36.704Z"
  },
  "__v": 0
},
{
  "_id": {
    "$oid": "6852b6d06275767e4cf87e88"
  },
  "name": "Shanthi R",
  "phone": "9000000077",
  "email": "shanthi.r77@example.com",
  "gender": "Female",
  "dateOfBirth": {
    "$date": "1991-03-13T00:00:00.000Z"
  },
  "address": {
    "street": "14 Mogappair Main Road",
    "city": "Chennai",
    "state": "Tamil Nadu",
    "postalCode": "600037"
  },
  "emergencyContact": {
    "name": "Raman S",
    "phone": "9000000777",
    "relation": "Father"
  },
  "password": "$2b$10$es5rUVGm5vxzm9qjKSv91OP8hG9DZMVP1DIxPeHus3FtiSafIq37G",
  "patientId": "2YeO2f",
  "createdAt": {
    "$date": "2025-06-18T12:53:36.704Z"
  },
  "updatedAt": {
    "$date": "2025-06-18T12:53:36.704Z"
  },
  "__v": 0
},
{
  "_id": {
    "$oid": "6852b6d06275767e4cf87e89"
  },
  "name": "Kumaravel S",
  "phone": "9000000078",
  "email": "kumaravel.s78@example.com",
  "gender": "Male",
  "dateOfBirth": {
    "$date": "1987-05-19T00:00:00.000Z"
  },
  "address": {
    "street": "21 Ayanavaram High Road",
    "city": "Chennai",
    "state": "Tamil Nadu",
    "postalCode": "600023"
  },
  "emergencyContact": {
    "name": "Srinivas K",
    "phone": "9000000788",
    "relation": "Father"
  },
  "password": "$2b$10$j8l0KCiWw75sDnp7U.NNqOvCa.DiI1cS.6hNyJuRK8BHb3yfGVclm",
  "patientId": "-32Tp-",
  "createdAt": {
    "$date": "2025-06-18T12:53:36.704Z"
  },
  "updatedAt": {
    "$date": "2025-06-18T12:53:36.704Z"
  },
  "__v": 0
},
{
  "_id": {
    "$oid": "6852b6d06275767e4cf87e8a"
  },
  "name": "Rajalakshmi S",
  "phone": "9000000079",
  "email": "rajalakshmi.s79@example.com",
  "gender": "Female",
  "dateOfBirth": {
    "$date": "1993-11-22T00:00:00.000Z"
  },
  "address": {
    "street": "12 Purasawalkam High Road",
    "city": "Chennai",
    "state": "Tamil Nadu",
    "postalCode": "600007"
  },
  "emergencyContact": {
    "name": "Murugan R",
    "phone": "9000000799",
    "relation": "Father"
  },
  "password": "$2b$10$n7gpuU.St77ZyPNnK9h6zuNJuwXJ9TISYEVeDrBns/D/hg1Nbn04y",
  "patientId": "hpxpo8",
  "createdAt": {
    "$date": "2025-06-18T12:53:36.704Z"
  },
  "updatedAt": {
    "$date": "2025-06-18T12:53:36.704Z"
  },
  "__v": 0
},
{
  "_id": {
    "$oid": "6852b6d06275767e4cf87e8b"
  },
  "name": "Sathishkumar S",
  "phone": "9000000080",
  "email": "sathishkumar.s80@example.com",
  "gender": "Male",
  "dateOfBirth": {
    "$date": "1988-01-01T00:00:00.000Z"
  },
  "address": {
    "street": "10 Royapuram High Road",
    "city": "Chennai",
    "state": "Tamil Nadu",
    "postalCode": "600013"
  },
  "emergencyContact": {
    "name": "Srinivas S",
    "phone": "9000000800",
    "relation": "Father"
  },
  "password": "$2b$10$aBOgT4U9eXCw1QqaSfsVPuZFcJsczAxwUEusu1OGuzgTTTtWp3WSi",
  "patientId": "w6wBGQ",
  "createdAt": {
    "$date": "2025-06-18T12:53:36.704Z"
  },
  "updatedAt": {
    "$date": "2025-06-18T12:53:36.704Z"
  },
  "__v": 0
},
{
  "_id": {
    "$oid": "6852b6d06275767e4cf87e8d"
  },
  "name": "Vijay S",
  "phone": "9000000082",
  "email": "vijay.s82@example.com",
  "gender": "Male",
  "dateOfBirth": {
    "$date": "1990-06-17T00:00:00.000Z"
  },
  "address": {
    "street": "11 Thiruvanmiyur Road",
    "city": "Chennai",
    "state": "Tamil Nadu",
    "postalCode": "600041"
  },
  "emergencyContact": {
    "name": "Srinivas V",
    "phone": "9000000822",
    "relation": "Father"
  },
  "password": "$2b$10$T5J2AAkEw6i2xN8CspqUE.IkGdYIO4JF9F5mgSvjqEaQPUC8z9og.",
  "patientId": "w2_kh3",
  "createdAt": {
    "$date": "2025-06-18T12:53:36.704Z"
  },
  "updatedAt": {
    "$date": "2025-06-18T12:53:36.704Z"
  },
  "__v": 0
},
{
  "_id": {
    "$oid": "6852b6d06275767e4cf87e8e"
  },
  "name": "Lakshmi S",
  "phone": "9000000083",
  "email": "lakshmi.s83@example.com",
  "gender": "Female",
  "dateOfBirth": {
    "$date": "1992-12-19T00:00:00.000Z"
  },
  "address": {
    "street": "16 Chromepet Main Road",
    "city": "Chennai",
    "state": "Tamil Nadu",
    "postalCode": "600044"
  },
  "emergencyContact": {
    "name": "Sundaram L",
    "phone": "9000000833",
    "relation": "Father"
  },
  "password": "$2b$10$5poagkp3XTvr/3YNYftBDOqjBH7V0exYTSCx/r3zVnp/9OQYRSczq",
  "patientId": "c5Bh8F",
  "createdAt": {
    "$date": "2025-06-18T12:53:36.704Z"
  },
  "updatedAt": {
    "$date": "2025-06-18T12:53:36.704Z"
  },
  "__v": 0
},
{
  "_id": {
    "$oid": "6852b6d06275767e4cf87e8f"
  },
  "name": "Sankaran S",
  "phone": "9000000084",
  "email": "sankaran.s84@example.com",
  "gender": "Male",
  "dateOfBirth": {
    "$date": "1985-10-22T00:00:00.000Z"
  },
  "address": {
    "street": "7 Pallavaram Road",
    "city": "Chennai",
    "state": "Tamil Nadu",
    "postalCode": "600043"
  },
  "emergencyContact": {
    "name": "Raman S",
    "phone": "9000000844",
    "relation": "Father"
  },
  "password": "$2b$10$2yTaC2q.pOe04litfPhkpeReTGJ/I9C1qqjahj/nPEuzmmc7V9Oqu",
  "patientId": "OKq_XH",
  "createdAt": {
    "$date": "2025-06-18T12:53:36.704Z"
  },
  "updatedAt": {
    "$date": "2025-06-18T12:53:36.704Z"
  },
  "__v": 0
},
{
  "_id": {
    "$oid": "6852b6d06275767e4cf87e8c"
  },
  "name": "Sujatha R",
  "phone": "9000000081",
  "email": "sujatha.r81@example.com",
  "gender": "Female",
  "dateOfBirth": {
    "$date": "1997-10-11T00:00:00.000Z"
  },
  "address": {
    "street": "19 Vadapalani Main Road",
    "city": "Chennai",
    "state": "Tamil Nadu",
    "postalCode": "600026"
  },
  "emergencyContact": {
    "name": "Sundaram R",
    "phone": "9000000811",
    "relation": "Father"
  },
  "password": "$2b$10$jB7dqRZl.2RY/j1j/YpnxOcHWPzEqMU/j1BrR6xxSwG5b1fmN8l9u",
  "patientId": "XZ7Tej",
  "createdAt": {
    "$date": "2025-06-18T12:53:36.704Z"
  },
  "updatedAt": {
    "$date": "2025-06-18T12:53:36.704Z"
  },
  "__v": 0
},
{
  "_id": {
    "$oid": "6852b6d06275767e4cf87e90"
  },
  "name": "Niveditha S",
  "phone": "9000000085",
  "email": "niveditha.s85@example.com",
  "gender": "Female",
  "dateOfBirth": {
    "$date": "1994-01-25T00:00:00.000Z"
  },
  "address": {
    "street": "12 Perungudi Main Road",
    "city": "Chennai",
    "state": "Tamil Nadu",
    "postalCode": "600096"
  },
  "emergencyContact": {
    "name": "Srinivas N",
    "phone": "9000000855",
    "relation": "Father"
  },
  "password": "$2b$10$tjDCcgaFxFylSqjVhBTJ4OHO3XU7z3KeY/2Anbj7nX0oSM/HunjLG",
  "patientId": "ZSBhv_",
  "createdAt": {
    "$date": "2025-06-18T12:53:36.704Z"
  },
  "updatedAt": {
    "$date": "2025-06-18T12:53:36.704Z"
  },
  "__v": 0
},
{
  "_id": {
    "$oid": "6852b74a6275767e4cf87ec4"
  },
  "name": "Sundar Rajan",
  "phone": "9000000086",
  "email": "sundar.rajan86@example.com",
  "gender": "Male",
  "dateOfBirth": {
    "$date": "1988-03-15T00:00:00.000Z"
  },
  "address": {
    "street": "21 Mambalam Main Road",
    "city": "Chennai",
    "state": "Tamil Nadu",
    "postalCode": "600033"
  },
  "emergencyContact": {
    "name": "Rajan S",
    "phone": "9000000866",
    "relation": "Father"
  },
  "password": "$2b$10$v5qm0eAX2z1coqBNxW2wouM0PchT/FwFyVPBQLOk0BRqyo/6DwfgK",
  "patientId": "zgVjaw",
  "createdAt": {
    "$date": "2025-06-18T12:55:38.907Z"
  },
  "updatedAt": {
    "$date": "2025-06-18T12:55:38.907Z"
  },
  "__v": 0
},
{
  "_id": {
    "$oid": "6852b74a6275767e4cf87ec8"
  },
  "name": "Vigneshwar S",
  "phone": "9000000090",
  "email": "vigneshwar.s90@example.com",
  "gender": "Male",
  "dateOfBirth": {
    "$date": "1981-12-11T00:00:00.000Z"
  },
  "address": {
    "street": "22 Mandaveli Lane",
    "city": "Chennai",
    "state": "Tamil Nadu",
    "postalCode": "600028"
  },
  "emergencyContact": {
    "name": "Sankaran V",
    "phone": "9000000900",
    "relation": "Father"
  },
  "password": "$2b$10$RskH3dVmCw7hlgC8ClWZKOgq.dKGXRl1nMnla5iRjazGYcC1jtxuK",
  "patientId": "nsDUkR",
  "createdAt": {
    "$date": "2025-06-18T12:55:38.907Z"
  },
  "updatedAt": {
    "$date": "2025-06-18T12:55:38.907Z"
  },
  "__v": 0
},
{
  "_id": {
    "$oid": "6852b74a6275767e4cf87ec7"
  },
  "name": "Meena Kumari",
  "phone": "9000000089",
  "email": "meena.kumari89@example.com",
  "gender": "Female",
  "dateOfBirth": {
    "$date": "1996-08-19T00:00:00.000Z"
  },
  "address": {
    "street": "13 Anna Nagar East",
    "city": "Chennai",
    "state": "Tamil Nadu",
    "postalCode": "600040"
  },
  "emergencyContact": {
    "name": "Kumari R",
    "phone": "9000000899",
    "relation": "Mother"
  },
  "password": "$2b$10$IZn9XcfBalUkY.wVxzC8ouHI3YRtvI/xzvsgOVZbTof3O4Bak1wwK",
  "patientId": "JZV_Ga",
  "createdAt": {
    "$date": "2025-06-18T12:55:38.907Z"
  },
  "updatedAt": {
    "$date": "2025-06-18T12:55:38.907Z"
  },
  "__v": 0
},
{
  "_id": {
    "$oid": "6852b74a6275767e4cf87ec5"
  },
  "name": "Kavitha S",
  "phone": "9000000087",
  "email": "kavitha.s87@example.com",
  "gender": "Female",
  "dateOfBirth": {
    "$date": "1992-05-10T00:00:00.000Z"
  },
  "address": {
    "street": "18 Egmore High Road",
    "city": "Chennai",
    "state": "Tamil Nadu",
    "postalCode": "600008"
  },
  "emergencyContact": {
    "name": "Srinivasan K",
    "phone": "9000000877",
    "relation": "Father"
  },
  "password": "$2b$10$kdD2ykdrw.b5mJC/IVZfNeG9jcWQefmPQIrag.bcKygEV5wL76as6",
  "patientId": "zlVyp4",
  "createdAt": {
    "$date": "2025-06-18T12:55:38.907Z"
  },
  "updatedAt": {
    "$date": "2025-06-18T12:55:38.907Z"
  },
  "__v": 0
},
{
  "_id": {
    "$oid": "6852b74a6275767e4cf87ec9"
  },
  "name": "Nandhini R",
  "phone": "9000000091",
  "email": "nandhini.r91@example.com",
  "gender": "Female",
  "dateOfBirth": {
    "$date": "1994-03-25T00:00:00.000Z"
  },
  "address": {
    "street": "8 Guindy Link Road",
    "city": "Chennai",
    "state": "Tamil Nadu",
    "postalCode": "600032"
  },
  "emergencyContact": {
    "name": "Raman R",
    "phone": "9000000911",
    "relation": "Father"
  },
  "password": "$2b$10$nbDe4e0clZlyGS35uwXE0OGBNfyR72T6bLGckc7jJyEhDgV/NcQ..",
  "patientId": "iqqp9L",
  "createdAt": {
    "$date": "2025-06-18T12:55:38.907Z"
  },
  "updatedAt": {
    "$date": "2025-06-18T12:55:38.907Z"
  },
  "__v": 0
},
{
  "_id": {
    "$oid": "6852b74a6275767e4cf87ec6"
  },
  "name": "Prakash Chandran",
  "phone": "9000000088",
  "email": "prakash.chandran88@example.com",
  "gender": "Male",
  "dateOfBirth": {
    "$date": "1985-11-23T00:00:00.000Z"
  },
  "address": {
    "street": "7 T Nagar South Road",
    "city": "Chennai",
    "state": "Tamil Nadu",
    "postalCode": "600017"
  },
  "emergencyContact": {
    "name": "Chandran P",
    "phone": "9000000888",
    "relation": "Father"
  },
  "password": "$2b$10$wg./G0iAGN.St5vKP9zK7ukLv.yMpneDRGeRa5SBscBpqW3y3B9da",
  "patientId": "LA3IpI",
  "createdAt": {
    "$date": "2025-06-18T12:55:38.907Z"
  },
  "updatedAt": {
    "$date": "2025-06-18T12:55:38.907Z"
  },
  "__v": 0
},
{
  "_id": {
    "$oid": "6852b74a6275767e4cf87eca"
  },
  "name": "Ramesh Babu",
  "phone": "9000000092",
  "email": "ramesh.babu92@example.com",
  "gender": "Male",
  "dateOfBirth": {
    "$date": "1987-09-14T00:00:00.000Z"
  },
  "address": {
    "street": "15 Besant Nagar Beach Road",
    "city": "Chennai",
    "state": "Tamil Nadu",
    "postalCode": "600090"
  },
  "emergencyContact": {
    "name": "Babu R",
    "phone": "9000000922",
    "relation": "Father"
  },
  "password": "$2b$10$zwl1jF0c6/sWPoZEjeBNb.PJMgdBfV10NLyMozZUQsYptCnluM49e",
  "patientId": "FhiwE7",
  "createdAt": {
    "$date": "2025-06-18T12:55:38.907Z"
  },
  "updatedAt": {
    "$date": "2025-06-18T12:55:38.907Z"
  },
  "__v": 0
},
{
  "_id": {
    "$oid": "6852b74a6275767e4cf87ecc"
  },
  "name": "Karthikeyan N",
  "phone": "9000000094",
  "email": "karthikeyan.n94@example.com",
  "gender": "Male",
  "dateOfBirth": {
    "$date": "1986-06-28T00:00:00.000Z"
  },
  "address": {
    "street": "21 Taramani Road",
    "city": "Chennai",
    "state": "Tamil Nadu",
    "postalCode": "600113"
  },
  "emergencyContact": {
    "name": "Natesan K",
    "phone": "9000000944",
    "relation": "Father"
  },
  "password": "$2b$10$OCJYysvFe3xnGTctny9J3e.IGesYtb.6kBiwKNqCirxAF5ERLT.kG",
  "patientId": "OJL3GI",
  "createdAt": {
    "$date": "2025-06-18T12:55:38.907Z"
  },
  "updatedAt": {
    "$date": "2025-06-18T12:55:38.907Z"
  },
  "__v": 0
},
{
  "_id": {
    "$oid": "6852b74a6275767e4cf87ecb"
  },
  "name": "Priyadarshini S",
  "phone": "9000000093",
  "email": "priyadarshini.s93@example.com",
  "gender": "Female",
  "dateOfBirth": {
    "$date": "1992-11-17T00:00:00.000Z"
  },
  "address": {
    "street": "18 Velachery Main Road",
    "city": "Chennai",
    "state": "Tamil Nadu",
    "postalCode": "600042"
  },
  "emergencyContact": {
    "name": "Sundar S",
    "phone": "9000000933",
    "relation": "Father"
  },
  "password": "$2b$10$UbntcJUo4NHPu2EJ1D5OoeuX1CXA.HRxMFxqi22gHHBb/7Y8JDHxy",
  "patientId": "ubXXRr",
  "createdAt": {
    "$date": "2025-06-18T12:55:38.907Z"
  },
  "updatedAt": {
    "$date": "2025-06-18T12:55:38.907Z"
  },
  "__v": 0
},
{
  "_id": {
    "$oid": "6852b74a6275767e4cf87ecd"
  },
  "name": "Lakshmi Narayanan",
  "phone": "9000000095",
  "email": "lakshmi.narayanan95@example.com",
  "gender": "Female",
  "dateOfBirth": {
    "$date": "1997-01-12T00:00:00.000Z"
  },
  "address": {
    "street": "11 Nungambakkam High Road",
    "city": "Chennai",
    "state": "Tamil Nadu",
    "postalCode": "600034"
  },
  "emergencyContact": {
    "name": "Narayanan L",
    "phone": "9000000955",
    "relation": "Father"
  },
  "password": "$2b$10$xJd7LbYOjA1Wz7ST7MAal.Ae1OgfdzvfL1oc4UDZ7EtPf0GNZ4cX.",
  "patientId": "KiuMX0",
  "createdAt": {
    "$date": "2025-06-18T12:55:38.907Z"
  },
  "updatedAt": {
    "$date": "2025-06-18T12:55:38.907Z"
  },
  "__v": 0
},
{
  "_id": {
    "$oid": "6852b74a6275767e4cf87ece"
  },
  "name": "Srinivasan R",
  "phone": "9000000096",
  "email": "srinivasan.r96@example.com",
  "gender": "Male",
  "dateOfBirth": {
    "$date": "1982-10-19T00:00:00.000Z"
  },
  "address": {
    "street": "6 Perambur Main Road",
    "city": "Chennai",
    "state": "Tamil Nadu",
    "postalCode": "600011"
  },
  "emergencyContact": {
    "name": "Raman S",
    "phone": "9000000966",
    "relation": "Father"
  },
  "password": "$2b$10$5W1LoUsDW9tmG1NbcNr6MetXG7Su.U8mec.t9MyDzHS5psf7WggES",
  "patientId": "gG5ahC",
  "createdAt": {
    "$date": "2025-06-18T12:55:38.907Z"
  },
  "updatedAt": {
    "$date": "2025-06-18T12:55:38.907Z"
  },
  "__v": 0
},
{
  "_id": {
    "$oid": "6852b74a6275767e4cf87ecf"
  },
  "name": "Shobana Devi",
  "phone": "9000000097",
  "email": "shobana.devi97@example.com",
  "gender": "Female",
  "dateOfBirth": {
    "$date": "1991-12-22T00:00:00.000Z"
  },
  "address": {
    "street": "14 Royapettah High Road",
    "city": "Chennai",
    "state": "Tamil Nadu",
    "postalCode": "600014"
  },
  "emergencyContact": {
    "name": "Devaraj S",
    "phone": "9000000977",
    "relation": "Father"
  },
  "password": "$2b$10$Dhf236wQPczWRvEyqGTSR.3lATmjDlwBiGqq2UwBw.ELNG/6epspy",
  "patientId": "LpyYgy",
  "createdAt": {
    "$date": "2025-06-18T12:55:38.907Z"
  },
  "updatedAt": {
    "$date": "2025-06-18T12:55:38.907Z"
  },
  "__v": 0
},
{
  "_id": {
    "$oid": "6852b74a6275767e4cf87ed0"
  },
  "name": "Sathish Kumar",
  "phone": "9000000098",
  "email": "sathish.kumar98@example.com",
  "gender": "Male",
  "dateOfBirth": {
    "$date": "1989-08-08T00:00:00.000Z"
  },
  "address": {
    "street": "17 Triplicane Road",
    "city": "Chennai",
    "state": "Tamil Nadu",
    "postalCode": "600005"
  },
  "emergencyContact": {
    "name": "Kumaravel S",
    "phone": "9000000988",
    "relation": "Father"
  },
  "password": "$2b$10$s4qCBbjfoqffNE6Fkj.n0.75EEExjLXZetqan4i38Dau4/D2oDVxG",
  "patientId": "7nHcgj",
  "createdAt": {
    "$date": "2025-06-18T12:55:38.907Z"
  },
  "updatedAt": {
    "$date": "2025-06-18T12:55:38.907Z"
  },
  "__v": 0
},
{
  "_id": {
    "$oid": "6852b74a6275767e4cf87ed1"
  },
  "name": "Aarthi S",
  "phone": "9000000099",
  "email": "aarthi.s99@example.com",
  "gender": "Female",
  "dateOfBirth": {
    "$date": "1993-07-11T00:00:00.000Z"
  },
  "address": {
    "street": "8 Saidapet Main Road",
    "city": "Chennai",
    "state": "Tamil Nadu",
    "postalCode": "600015"
  },
  "emergencyContact": {
    "name": "Sundar S",
    "phone": "9000000999",
    "relation": "Father"
  },
  "password": "$2b$10$P4DJZ6anvYHTnj.VVMmb9.tgtqTlsRmKyudaeV5LLTruyDg8rcBj2",
  "patientId": "XUqE6C",
  "createdAt": {
    "$date": "2025-06-18T12:55:38.908Z"
  },
  "updatedAt": {
    "$date": "2025-06-18T12:55:38.908Z"
  },
  "__v": 0
},
{
  "_id": {
    "$oid": "6852b74a6275767e4cf87ed3"
  },
  "name": "Priya Dharshini",
  "phone": "9000000101",
  "email": "priya.dharshini101@example.com",
  "gender": "Female",
  "dateOfBirth": {
    "$date": "1998-09-10T00:00:00.000Z"
  },
  "address": {
    "street": "21 Ashok Nagar Main Road",
    "city": "Chennai",
    "state": "Tamil Nadu",
    "postalCode": "600083"
  },
  "emergencyContact": {
    "name": "Dharshini P",
    "phone": "9000001011",
    "relation": "Mother"
  },
  "password": "$2b$10$HsIpTe0cP9YcR31qIE6sw.AHtpCT2MpygVgFbK/kGSK54aSNop41y",
  "patientId": "85pJ6K",
  "createdAt": {
    "$date": "2025-06-18T12:55:38.908Z"
  },
  "updatedAt": {
    "$date": "2025-06-18T12:55:38.908Z"
  },
  "__v": 0
},
{
  "_id": {
    "$oid": "6852b74a6275767e4cf87ed2"
  },
  "name": "Vikram S",
  "phone": "9000000100",
  "email": "vikram.s100@example.com",
  "gender": "Male",
  "dateOfBirth": {
    "$date": "1985-04-20T00:00:00.000Z"
  },
  "address": {
    "street": "19 Guindy Industrial Estate",
    "city": "Chennai",
    "state": "Tamil Nadu",
    "postalCode": "600032"
  },
  "emergencyContact": {
    "name": "Sivakumar V",
    "phone": "9000001000",
    "relation": "Father"
  },
  "password": "$2b$10$5qFHbv8abHcsDFdHTDF5kuo1kg99roJ6xVQ9pa3UwNv7hwMrihtqW",
  "patientId": "EKgqXM",
  "createdAt": {
    "$date": "2025-06-18T12:55:38.908Z"
  },
  "updatedAt": {
    "$date": "2025-06-18T12:55:38.908Z"
  },
  "__v": 0
},
{
  "_id": {
    "$oid": "6852b74a6275767e4cf87ed4"
  },
  "name": "Suresh Kumar",
  "phone": "9000000102",
  "email": "suresh.kumar102@example.com",
  "gender": "Male",
  "dateOfBirth": {
    "$date": "1987-06-11T00:00:00.000Z"
  },
  "address": {
    "street": "13 Porur Main Road",
    "city": "Chennai",
    "state": "Tamil Nadu",
    "postalCode": "600116"
  },
  "emergencyContact": {
    "name": "Kumaravel S",
    "phone": "9000001022",
    "relation": "Father"
  },
  "password": "$2b$10$4ZBQdLI.RqIA.goE9BLMV.4c/Uy8thxFDi2JqwliX7NxyJfYz48e6",
  "patientId": "h8voEs",
  "createdAt": {
    "$date": "2025-06-18T12:55:38.908Z"
  },
  "updatedAt": {
    "$date": "2025-06-18T12:55:38.908Z"
  },
  "__v": 0
},
{
  "_id": {
    "$oid": "6852b74a6275767e4cf87ed5"
  },
  "name": "Keerthana S",
  "phone": "9000000103",
  "email": "keerthana.s103@example.com",
  "gender": "Female",
  "dateOfBirth": {
    "$date": "1995-11-19T00:00:00.000Z"
  },
  "address": {
    "street": "19 Thiruvottiyur High Road",
    "city": "Chennai",
    "state": "Tamil Nadu",
    "postalCode": "600019"
  },
  "emergencyContact": {
    "name": "Saravanan K",
    "phone": "9000001033",
    "relation": "Father"
  },
  "password": "$2b$10$xgMIVRh.hxulTvToCnSSOe2OaHSRj0ZIXf0Ajb22IdGBOLKoR5N2m",
  "patientId": "8WvOC6",
  "createdAt": {
    "$date": "2025-06-18T12:55:38.908Z"
  },
  "updatedAt": {
    "$date": "2025-06-18T12:55:38.908Z"
  },
  "__v": 0
},
{
  "_id": {
    "$oid": "6852b74a6275767e4cf87ed6"
  },
  "name": "Gokulnath S",
  "phone": "9000000104",
  "email": "gokulnath.s104@example.com",
  "gender": "Male",
  "dateOfBirth": {
    "$date": "1986-12-31T00:00:00.000Z"
  },
  "address": {
    "street": "77 Pallavaram Road",
    "city": "Chennai",
    "state": "Tamil Nadu",
    "postalCode": "600043"
  },
  "emergencyContact": {
    "name": "Rajeshwari G",
    "phone": "9000001044",
    "relation": "Mother"
  },
  "password": "$2b$10$JBOiRvNLrjUBDO03zpJ6deWuEtZssVQ2SdWl9Piiv9E.88OK5zHkG",
  "patientId": "JEsMD8",
  "createdAt": {
    "$date": "2025-06-18T12:55:38.908Z"
  },
  "updatedAt": {
    "$date": "2025-06-18T12:55:38.908Z"
  },
  "__v": 0
},
{
  "_id": {
    "$oid": "6852b74a6275767e4cf87ed7"
  },
  "name": "Radha S",
  "phone": "9000000105",
  "email": "radha.s105@example.com",
  "gender": "Female",
  "dateOfBirth": {
    "$date": "1994-04-20T00:00:00.000Z"
  },
  "address": {
    "street": "5 Perungudi Main Road",
    "city": "Chennai",
    "state": "Tamil Nadu",
    "postalCode": "600096"
  },
  "emergencyContact": {
    "name": "Krishnan R",
    "phone": "9000001055",
    "relation": "Father"
  },
  "password": "$2b$10$lmoBEOFkbR1zNZLXLMEL6OQpnUUd1WMWeyuh36D6qX4ulzZQ4PCC.",
  "patientId": "C2WKGh",
  "createdAt": {
    "$date": "2025-06-18T12:55:38.908Z"
  },
  "updatedAt": {
    "$date": "2025-06-18T12:55:38.908Z"
  },
  "__v": 0
},
{
  "_id": {
    "$oid": "6852b74a6275767e4cf87ed8"
  },
  "name": "Vasanth S",
  "phone": "9000000106",
  "email": "vasanth.s106@example.com",
  "gender": "Male",
  "dateOfBirth": {
    "$date": "1991-08-14T00:00:00.000Z"
  },
  "address": {
    "street": "31 Sholinganallur Road",
    "city": "Chennai",
    "state": "Tamil Nadu",
    "postalCode": "600119"
  },
  "emergencyContact": {
    "name": "Kumaravel V",
    "phone": "9000001066",
    "relation": "Father"
  },
  "password": "$2b$10$wy14h7HF2Ga0lHVd9BGPt.p/ZvZE9O6t8onpBtGSwWm/31Jof6pqG",
  "patientId": "mAYSTJ",
  "createdAt": {
    "$date": "2025-06-18T12:55:38.908Z"
  },
  "updatedAt": {
    "$date": "2025-06-18T12:55:38.908Z"
  },
  "__v": 0
},
{
  "_id": {
    "$oid": "6852b74a6275767e4cf87ed9"
  },
  "name": "Sangeetha R",
  "phone": "9000000107",
  "email": "sangeetha.r107@example.com",
  "gender": "Female",
  "dateOfBirth": {
    "$date": "1998-10-02T00:00:00.000Z"
  },
  "address": {
    "street": "12 Medavakkam Main Road",
    "city": "Chennai",
    "state": "Tamil Nadu",
    "postalCode": "600100"
  },
  "emergencyContact": {
    "name": "Srinivasan S",
    "phone": "9000001077",
    "relation": "Father"
  },
  "password": "$2b$10$k04Z.GE5Jyqe0aYcXJco6u5kf9jD1RxAuw2XgoLXz5UJ4sIjk0gtq",
  "patientId": "SGVEnR",
  "createdAt": {
    "$date": "2025-06-18T12:55:38.908Z"
  },
  "updatedAt": {
    "$date": "2025-06-18T12:55:38.908Z"
  },
  "__v": 0
},
{
  "_id": {
    "$oid": "6852b74a6275767e4cf87eda"
  },
  "name": "Rohit S",
  "phone": "9000000108",
  "email": "rohit.s108@example.com",
  "gender": "Male",
  "dateOfBirth": {
    "$date": "1980-05-19T00:00:00.000Z"
  },
  "address": {
    "street": "23 Saidapet West Road",
    "city": "Chennai",
    "state": "Tamil Nadu",
    "postalCode": "600015"
  },
  "emergencyContact": {
    "name": "Venkatesh R",
    "phone": "9000001088",
    "relation": "Father"
  },
  "password": "$2b$10$pXDM7L75lJ6S6TcGqdzUUOWzaE6e5kyELTZ58Dy/Ozp4LnX5c80na",
  "patientId": "li0pvw",
  "createdAt": {
    "$date": "2025-06-18T12:55:38.908Z"
  },
  "updatedAt": {
    "$date": "2025-06-18T12:55:38.908Z"
  },
  "__v": 0
},
{
  "_id": {
    "$oid": "6852b74a6275767e4cf87edb"
  },
  "name": "Aarthi M",
  "phone": "9000000109",
  "email": "aarthi.m109@example.com",
  "gender": "Female",
  "dateOfBirth": {
    "$date": "1993-01-22T00:00:00.000Z"
  },
  "address": {
    "street": "14 Kodambakkam High Road",
    "city": "Chennai",
    "state": "Tamil Nadu",
    "postalCode": "600024"
  },
  "emergencyContact": {
    "name": "Murugan M",
    "phone": "9000001099",
    "relation": "Father"
  },
  "password": "$2b$10$9ikRszpQZ.sl5GKMysERVe4NWYF1NF/KdZKW4c4.n37CDBvd1UIl.",
  "patientId": "arP2UP",
  "createdAt": {
    "$date": "2025-06-18T12:55:38.908Z"
  },
  "updatedAt": {
    "$date": "2025-06-18T12:55:38.908Z"
  },
  "__v": 0
},
{
  "_id": {
    "$oid": "6853b54631981fd200b68675"
  },
  "name": "Sajid",
  "phone": "9585171941",
  "email": "sajidrock03@gmail.com",
  "gender": "male",
  "dateOfBirth": {
    "$date": "2025-06-27T00:00:00.000Z"
  },
  "address": {
    "street": "76/78 AKBAR STREET",
    "city": "MELAPALAYAM POST",
    "state": "7005016874",
    "postalCode": "627005"
  },
  "emergencyContact": {
    "name": "THAKKAD",
    "phone": "9585171941",
    "relation": "Father"
  },
  "password": "$2b$10$JxQmEcuEZILGIbi1/cGWP.WkwBO6.TUBnzGWem6g6/BW5o9f5bwRi",
  "patientId": "dYRPDR",
  "createdAt": {
    "$date": "2025-06-19T06:59:18.410Z"
  },
  "updatedAt": {
    "$date": "2025-07-03T15:37:25.105Z"
  },
  "__v": 0
},
{
  "_id": {
    "$oid": "6853b76301655518aac3d43e"
  },
  "name": "mohammed",
  "phone": "1234456677",
  "email": "sajidrock03@gmail.com",
  "gender": "Male",
  "dateOfBirth": {
    "$date": "2025-06-27T00:00:00.000Z"
  },
  "address": {
    "street": "76/78 AKBAR STREET",
    "city": "MELAPALAYAM POST",
    "state": "7005016874",
    "postalCode": "627005"
  },
  "emergencyContact": {
    "name": "THAKKAD",
    "phone": "9585171941",
    "relation": "Father"
  },
  "password": "$2b$10$UBXVss9iXyPkAeQNFaRNne7TAqSUiunLcxdlDWWv.0yt3oNe5NntK",
  "patientId": "l_u1RL",
  "createdAt": {
    "$date": "2025-06-19T07:08:19.696Z"
  },
  "updatedAt": {
    "$date": "2025-06-19T07:08:19.696Z"
  },
  "__v": 0
},
{
  "_id": {
    "$oid": "685929809a0034124c68d1dc"
  },
  "name": "Mahalakshmi Karikalan",
  "phone": "7604879949",
  "email": "mahalk1403@gmail.com",
  "gender": "Female",
  "dateOfBirth": {
    "$date": "2003-03-14T00:00:00.000Z"
  },
  "address": {
    "street": "8/25 KUPPUSAMY STREET, ULLAGARAM",
    "city": "CHENNAI",
    "state": "Tamil Nadu",
    "postalCode": "600091"
  },
  "emergencyContact": {
    "name": "Grahalakshmi K",
    "phone": "8667797251",
    "relation": "Mother"
  },
  "password": "$2b$10$7UTfWlW1ksM1ecEulL5uBuExJf3pZnLn8gFI2V6Az1V2Bm3QnJENq",
  "patientId": "QOXdOa",
  "createdAt": {
    "$date": "2025-06-23T10:16:32.174Z"
  },
  "updatedAt": {
    "$date": "2025-06-23T10:16:32.174Z"
  },
  "__v": 0
},
{
  "_id": {
    "$oid": "6863a3d45e76cf90f1b23e50"
  },
  "name": "SHRUDEEP S",
  "phone": "9342802035",
  "email": "107122105@nitt.edu",
  "gender": "Male",
  "dateOfBirth": {
    "$date": "2004-08-03T00:00:00.000Z"
  },
  "address": {
    "street": "76, F6, Mathaka Flats, Kamaraj Street",
    "city": "Chennai",
    "state": "Tamil Nadu",
    "postalCode": "600099"
  },
  "emergencyContact": {
    "name": "Ramani",
    "phone": "1234567890",
    "relation": "Mom"
  },
  "password": "$2b$10$rJJIjFo6BwnQIrI7UGr0eOExsm3VqznBTKhIIRuZ9.pPuRrrD3bGu",
  "photo": {
    "publicId": "my-profile/tvljap1lk2imkxybsngx",
    "url": "https://res.cloudinary.com/dpj8o6x5s/image/upload/v1751360464/my-profile/tvljap1lk2imkxybsngx.jpg"
  },
  "patientId": "(size = defaultSize) => {\n    let id = ''\n    while (true) {\n      let bytes = getRandom(step)\n      let i = step\n      while (i--) {\n        id += alphabet[bytes[i] & mask] || ''\n        if (id.length >= size) return id\n      }\n    }\n  }",
  "createdAt": {
    "$date": "2025-07-01T09:01:08.062Z"
  },
  "updatedAt": {
    "$date": "2025-07-01T09:01:08.062Z"
  },
  "__v": 0
},
{
  "_id": {
    "$oid": "686602160887ace9e88cb49f"
  },
  "name": "Aditya Janga",
  "phone": "7200148738",
  "email": "adityajanga2004@gmail.com",
  "gender": "Male",
  "dateOfBirth": {
    "$date": "2004-07-31T00:00:00.000Z"
  },
  "address": {
    "street": "Room no 138, Aqua B Hostel",
    "city": "Tiruchirapalli",
    "state": "Tamil Nadu",
    "postalCode": "620015"
  },
  "emergencyContact": {
    "name": "Thala",
    "phone": "7200148738",
    "relation": "Guardian"
  },
  "password": "$2b$10$d.3Kuj9Nj3MYDnxlzNdsJO65wgo8tZTtjLL8WQV4b43GpePWtP3j.",
  "photo": {
    "publicId": "my-profile/tmp38sipt8zk3wnth0kl",
    "url": "https://res.cloudinary.com/dpj8o6x5s/image/upload/v1751515669/my-profile/tmp38sipt8zk3wnth0kl.jpg"
  },
  "patientId": "Ci06Dj",
  "createdAt": {
    "$date": "2025-07-03T04:07:50.186Z"
  },
  "updatedAt": {
    "$date": "2025-07-03T04:07:50.186Z"
  },
  "__v": 0
},
{
  "_id": {
    "$oid": "6866232777d5d46c3d3c34e1"
  },
  "name": "harsh",
  "phone": "1212121212",
  "email": "harshMitra@gmail.com",
  "gender": "Male",
  "dateOfBirth": {
    "$date": "2000-02-01T00:00:00.000Z"
  },
  "address": {
    "street": "76, F6, Mathaka Flats, Kamaraj Street",
    "city": "Chennai",
    "state": "Tamil Nadu",
    "postalCode": "600099"
  },
  "emergencyContact": {
    "name": "SHRUDEEP S",
    "phone": "9342802035",
    "relation": "dev"
  },
  "password": "$2b$10$t/OXXX3P7ELaT4fAcZcWkuR0OCEqZzqHbOMR8RtWCQkaIW01g0wGy",
  "photo": {
    "publicId": "my-profile/b58gdfwrjufdvotwytle",
    "url": "https://res.cloudinary.com/dpj8o6x5s/image/upload/v1751524137/my-profile/b58gdfwrjufdvotwytle.jpg"
  },
  "patientId": "099452",
  "createdAt": {
    "$date": "2025-07-03T06:28:55.878Z"
  },
  "updatedAt": {
    "$date": "2025-07-03T06:28:55.878Z"
  },
  "__v": 0
},
{
  "_id": {
    "$oid": "686627a2892c42937e6e70ce"
  },
  "name": "Lishanth Soundararajan",
  "phone": "7695925217",
  "email": "lishanthsoundar2005@gmail.com",
  "gender": "Male",
  "dateOfBirth": {
    "$date": "2005-07-02T00:00:00.000Z"
  },
  "address": {
    "street": "74 TNHB Plots opposite to teachers colony, orikkai, Kanchipuram",
    "city": "Kanchipuram",
    "state": "Tamil Nadu",
    "postalCode": "631502"
  },
  "emergencyContact": {
    "name": "7695925217",
    "phone": "7668822531",
    "relation": "Me"
  },
  "password": "$2b$10$y3e4ZZHTrl4ItjbaMLseIOqaWaYTYtl.EhmPkjwHDIEFJStBLd5KG",
  "patientId": "sgkvTo",
  "createdAt": {
    "$date": "2025-07-03T06:48:02.386Z"
  },
  "updatedAt": {
    "$date": "2025-07-03T06:48:02.386Z"
  },
  "__v": 0
},
{
  "_id": {
    "$oid": "68678c8492fe325cda914cc5"
  },
  "name": "SHRUDEEP S",
  "phone": "9894612222",
  "email": "shrudeepnitt105@gmail.com",
  "gender": "Male",
  "dateOfBirth": {
    "$date": "2004-08-03T00:00:00.000Z"
  },
  "address": {
    "street": "76, F6, Mathaka Flats, Kamaraj Street",
    "city": "Chennai",
    "state": "Tamil Nadu",
    "postalCode": "600099"
  },
  "emergencyContact": {
    "name": "Senthil",
    "phone": "9894612222",
    "relation": "dad"
  },
  "password": "$2b$10$Gt3BngxZmLmih8gRW0KxQOtoA2E/ZGAKhtpyxIo3w0rdnTLEK2ray",
  "photo": {
    "publicId": "my-profile/sewofx0dwrzmlmbx5n5g",
    "url": "https://res.cloudinary.com/dpj8o6x5s/image/upload/v1751616645/my-profile/sewofx0dwrzmlmbx5n5g.jpg"
  },
  "patientId": "GkGLKT",
  "createdAt": {
    "$date": "2025-07-04T08:10:44.676Z"
  },
  "updatedAt": {
    "$date": "2025-07-04T08:10:44.676Z"
  },
  "__v": 0
}]