[
  {"_id":{"$oid":"6652be0e4c97ff515ff4fffc"},"doctorId":"251076","patientId":"Wc11D_","rating":{"$numberInt":"5"},"comment":"Excellent doctor, very attentive and knowledgeable.","reviewId":"EJuwZS","date":{"$date":{"$numberLong":"1687253070812"}},"createdAt":{"$date":{"$numberLong":"1687253070816"}},"updatedAt":{"$date":{"$numberLong":"1687253070816"}},"__v":{"$numberInt":"0"}},
  {"_id":{"$oid":"6652be0e4c97ff515ff4fffd"},"doctorId":"268306","patientId":"RQYlJ4","rating":{"$numberInt":"4"},"comment":"Very professional and caring. Highly recommended.","reviewId":"QWopXK","date":{"$date":{"$numberLong":"1688253070812"}},"createdAt":{"$date":{"$numberLong":"1688253070816"}},"updatedAt":{"$date":{"$numberLong":"1688253070816"}},"__v":{"$numberInt":"0"}},
  {"_id":{"$oid":"6652be0e4c97ff515ff4fffe"},"doctorId":"484878","patientId":"CxI3W7","rating":{"$numberInt":"5"},"comment":"Very friendly and explained everything clearly.","reviewId":"ZLpQwR","date":{"$date":{"$numberLong":"1689253070812"}},"createdAt":{"$date":{"$numberLong":"1689253070816"}},"updatedAt":{"$date":{"$numberLong":"1689253070816"}},"__v":{"$numberInt":"0"}},
  {"_id":{"$oid":"6652be0e4c97ff515ff4ffff"},"doctorId":"787474","patientId":"jfK27Z","rating":{"$numberInt":"3"},"comment":"Great experience, the doctor listened patiently.","reviewId":"XyZpQw","date":{"$date":{"$numberLong":"1690253070812"}},"createdAt":{"$date":{"$numberLong":"1690253070816"}},"updatedAt":{"$date":{"$numberLong":"1690253070816"}},"__v":{"$numberInt":"0"}},
  {"_id":{"$oid":"6652be0e4c97ff515ff50000"},"doctorId":"103167","patientId":"zbgRv_","rating":{"$numberInt":"5"},"comment":"Very knowledgeable and helpful.","reviewId":"LmNopQ","date":{"$date":{"$numberLong":"1691253070812"}},"createdAt":{"$date":{"$numberLong":"1691253070816"}},"updatedAt":{"$date":{"$numberLong":"1691253070816"}},"__v":{"$numberInt":"0"}},
  {"_id":{"$oid":"6652be0e4c97ff515ff50001"},"doctorId":"660903","patientId":"REqqro","rating":{"$numberInt":"4"},"comment":"The doctor was very kind and supportive.","reviewId":"QwErTy","date":{"$date":{"$numberLong":"1692253070812"}},"createdAt":{"$date":{"$numberLong":"1692253070816"}},"updatedAt":{"$date":{"$numberLong":"1692253070816"}},"__v":{"$numberInt":"0"}},
  {"_id":{"$oid":"6652be0e4c97ff515ff50002"},"doctorId":"677839","patientId":"zzUP0-","rating":{"$numberInt":"5"},"comment":"Very satisfied with the treatment and care.","reviewId":"AsDfGh","date":{"$date":{"$numberLong":"1693253070812"}},"createdAt":{"$date":{"$numberLong":"1693253070816"}},"updatedAt":{"$date":{"$numberLong":"1693253070816"}},"__v":{"$numberInt":"0"}},
  {"_id":{"$oid":"6652be0e4c97ff515ff50003"},"doctorId":"246932","patientId":"0tWes6","rating":{"$numberInt":"4"},"comment":"Very good experience, would recommend to others.","reviewId":"ZxCvBn","date":{"$date":{"$numberLong":"1694253070812"}},"createdAt":{"$date":{"$numberLong":"1694253070816"}},"updatedAt":{"$date":{"$numberLong":"1694253070816"}},"__v":{"$numberInt":"0"}},
  {"_id":{"$oid":"6652be0e4c97ff515ff50004"},"doctorId":"388330","patientId":"ZK_AEa","rating":{"$numberInt":"5"},"comment":"The doctor made me feel comfortable and confident.","reviewId":"QwAsZx","date":{"$date":{"$numberLong":"1695253070812"}},"createdAt":{"$date":{"$numberLong":"1695253070816"}},"updatedAt":{"$date":{"$numberLong":"1695253070816"}},"__v":{"$numberInt":"0"}},
  {"_id":{"$oid":"6652be0e4c97ff515ff50005"},"doctorId":"173702","patientId":"CteKK3","rating":{"$numberInt":"3"},"comment":"Very positive experience, thank you doctor.","reviewId":"ErTyUi","date":{"$date":{"$numberLong":"1696253070812"}},"createdAt":{"$date":{"$numberLong":"1696253070816"}},"updatedAt":{"$date":{"$numberLong":"1696253070816"}},"__v":{"$numberInt":"0"}},
  {"_id":{"$oid":"6652be0e4c97ff515ff50006"},"doctorId":"577345","patientId":"jCBBqE","rating":{"$numberInt":"5"},"comment":"The doctor was very patient and explained everything in detail.","reviewId":"UiOpAs","date":{"$date":{"$numberLong":"1697253070812"}},"createdAt":{"$date":{"$numberLong":"1697253070816"}},"updatedAt":{"$date":{"$numberLong":"1697253070816"}},"__v":{"$numberInt":"0"}},
  {"_id":{"$oid":"6652be0e4c97ff515ff50007"},"doctorId":"64627","patientId":"bICTyC","rating":{"$numberInt":"4"},"comment":"Very good experience, the doctor is very knowledgeable.","reviewId":"PlMnBv","date":{"$date":{"$numberLong":"1698253070812"}},"createdAt":{"$date":{"$numberLong":"1698253070816"}},"updatedAt":{"$date":{"$numberLong":"1698253070816"}},"__v":{"$numberInt":"0"}},
  {"_id":{"$oid":"6652be0e4c97ff515ff50008"},"doctorId":"388330","patientId":"u8qSez","rating":{"$numberInt":"5"},"comment":"Very friendly and made me feel at ease.","reviewId":"QwErTy","date":{"$date":{"$numberLong":"1699253070812"}},"createdAt":{"$date":{"$numberLong":"1699253070816"}},"updatedAt":{"$date":{"$numberLong":"1699253070816"}},"__v":{"$numberInt":"0"}},
  {"_id":{"$oid":"6652be0e4c97ff515ff50009"},"doctorId":"173702","patientId":"Wc11D_","rating":{"$numberInt":"3"},"comment":"Very positive experience, thank you doctor.","reviewId":"ErTyUi","date":{"$date":{"$numberLong":"1700253070812"}},"createdAt":{"$date":{"$numberLong":"1700253070816"}},"updatedAt":{"$date":{"$numberLong":"1700253070816"}},"__v":{"$numberInt":"0"}}
] 