[
  {
    "name": "Dr. Aditya Varma",
    "phone": "919876540051",
    "email": "aditya.varma51@example.com",
    "gender": "Male",
    "location": { "type": "Point", "coordinates": [80.2451, 13.1101] },
    "medicalReg": "TNMC2025051",
    "specialization": "Cardiology",
    "photo": "https://randomuser.me/api/portraits/men/51.jpg",
    "password": "123456"
  },
  {
    "name": "Dr. Sneha Pillai",
    "phone": "919876540052",
    "email": "sneha.pillai52@example.com",
    "gender": "Female",
    "location": { "type": "Point", "coordinates": [80.2202, 13.1122] },
    "medicalReg": "TNMC2025052",
    "specialization": "Dermatology",
    "photo": "https://randomuser.me/api/portraits/women/52.jpg",
    "password": "123456"
  },
  {
    "name": "Dr. Kiran Kumar",
    "phone": "919876540053",
    "email": "kiran.kumar53@example.com",
    "gender": "Male",
    "location": { "type": "Point", "coordinates": [80.2180, 13.1155] },
    "medicalReg": "TNMC2025053",
    "specialization": "Neurology",
    "photo": "https://randomuser.me/api/portraits/men/53.jpg",
    "password": "123456"
  },
  {
    "name": "Dr. Lavanya S",
    "phone": "919876540054",
    "email": "lavanya.s54@example.com",
    "gender": "Female",
    "location": { "type": "Point", "coordinates": [80.2244, 13.1077] },
    "medicalReg": "TNMC2025054",
    "specialization": "Pediatrics",
    "photo": "https://randomuser.me/api/portraits/women/54.jpg",
    "password": "123456"
  },
  {
    "name": "Dr. Vishal Desai",
    "phone": "919876540055",
    "email": "vishal.desai55@example.com",
    "gender": "Male",
    "location": { "type": "Point", "coordinates": [80.2295, 13.1199] },
    "medicalReg": "TNMC2025055",
    "specialization": "Orthopedics",
    "photo": "https://randomuser.me/api/portraits/men/55.jpg",
    "password": "123456"
  },
  {
    "name": "Dr. Reena Thomas",
    "phone": "919876540056",
    "email": "reena.thomas56@example.com",
    "gender": "Female",
    "location": { "type": "Point", "coordinates": [80.2267, 13.1261] },
    "medicalReg": "TNMC2025056",
    "specialization": "Gynecology",
    "photo": "https://randomuser.me/api/portraits/women/56.jpg",
    "password": "123456"
  },
  {
    "name": "Dr. Dinesh R",
    "phone": "919876540057",
    "email": "dinesh.r57@example.com",
    "gender": "Male",
    "location": { "type": "Point", "coordinates": [80.2153, 13.1114] },
    "medicalReg": "TNMC2025057",
    "specialization": "ENT",
    "photo": "https://randomuser.me/api/portraits/men/57.jpg",
    "password": "123456"
  },
  {
    "name": "Dr. Pooja Menon",
    "phone": "919876540058",
    "email": "pooja.menon58@example.com",
    "gender": "Female",
    "location": { "type": "Point", "coordinates": [80.2401, 13.1172] },
    "medicalReg": "TNMC2025058",
    "specialization": "Ophthalmology",
    "photo": "https://randomuser.me/api/portraits/women/58.jpg",
    "password": "123456"
  },
  {
    "name": "Dr. Sandeep Nair",
    "phone": "919876540059",
    "email": "sandeep.nair59@example.com",
    "gender": "Male",
    "location": { "type": "Point", "coordinates": [80.2122, 13.1206] },
    "medicalReg": "TNMC2025059",
    "specialization": "General Medicine",
    "photo": "https://randomuser.me/api/portraits/men/59.jpg",
    "password": "123456"
  },
  {
    "name": "Dr. Megha Jain",
    "phone": "919876540060",
    "email": "megha.jain60@example.com",
    "gender": "Female",
    "location": { "type": "Point", "coordinates": [80.2135, 13.1089] },
    "medicalReg": "TNMC2025060",
    "specialization": "Psychiatry",
    "photo": "https://randomuser.me/api/portraits/women/60.jpg",
    "password": "123456"
  },
  {
    "name": "Dr. Arvind Rao",
    "phone": "919876540061",
    "email": "arvind.rao61@example.com",
    "gender": "Male",
    "location": { "type": "Point", "coordinates": [80.2231, 13.1362] },
    "medicalReg": "TNMC2025061",
    "specialization": "Urology",
    "photo": "https://randomuser.me/api/portraits/men/61.jpg",
    "password": "123456"
  },
  {
    "name": "Dr. Shreya S",
    "phone": "919876540062",
    "email": "shreya.s62@example.com",
    "gender": "Female",
    "location": { "type": "Point", "coordinates": [80.2377, 13.1287] },
    "medicalReg": "TNMC2025062",
    "specialization": "Pulmonology",
    "photo": "https://randomuser.me/api/portraits/women/62.jpg",
    "password": "123456"
  },
  {
    "name": "Dr. Pranav Iyer",
    "phone": "919876540063",
    "email": "pranav.iyer63@example.com",
    "gender": "Male",
    "location": { "type": "Point", "coordinates": [80.2328, 13.1228] },
    "medicalReg": "TNMC2025063",
    "specialization": "Nephrology",
    "photo": "https://randomuser.me/api/portraits/men/63.jpg",
    "password": "123456"
  },
  {
    "name": "Dr. Bhavya R",
    "phone": "919876540064",
    "email": "bhavya.r64@example.com",
    "gender": "Female",
    "location": { "type": "Point", "coordinates": [80.2108, 13.1055] },
    "medicalReg": "TNMC2025064",
    "specialization": "Endocrinology",
    "photo": "https://randomuser.me/api/portraits/women/64.jpg",
    "password": "123456"
  },
  {
    "name": "Dr. Gokul Krishnan",
    "phone": "919876540065",
    "email": "gokul.krishnan65@example.com",
    "gender": "Male",
    "location": { "type": "Point", "coordinates": [80.2395, 13.1247] },
    "medicalReg": "TNMC2025065",
    "specialization": "Gastroenterology",
    "photo": "https://randomuser.me/api/portraits/men/65.jpg",
    "password": "123456"
  },
  {
    "name": "Dr. Ranjani S",
    "phone": "919876540066",
    "email": "ranjani.s66@example.com",
    "gender": "Female",
    "location": { "type": "Point", "coordinates": [80.2142, 13.1117] },
    "medicalReg": "TNMC2025066",
    "specialization": "Oncology",
    "photo": "https://randomuser.me/api/portraits/women/66.jpg",
    "password": "123456"
  },
  {
    "name": "Dr. Sriram Nair",
    "phone": "919876540067",
    "email": "sriram.nair67@example.com",
    "gender": "Male",
    "location": { "type": "Point", "coordinates": [80.2218, 13.1203] },
    "medicalReg": "TNMC2025067",
    "specialization": "Rheumatology",
    "photo": "https://randomuser.me/api/portraits/men/67.jpg",
    "password": "123456"
  },
  {
    "name": "Dr. Nalini V",
    "phone": "919876540068",
    "email": "nalini.v68@example.com",
    "gender": "Female",
    "location": { "type": "Point", "coordinates": [80.2166, 13.1093] },
    "medicalReg": "TNMC2025068",
    "specialization": "Pathology",
    "photo": "https://randomuser.me/api/portraits/women/68.jpg",
    "password": "123456"
  },
  {
    "name": "Dr. Ajay Singh",
    "phone": "919876540069",
    "email": "ajay.singh69@example.com",
    "gender": "Male",
    "location": { "type": "Point", "coordinates": [80.2257, 13.1281] },
    "medicalReg": "TNMC2025069",
    "specialization": "Hematology",
    "photo": "https://randomuser.me/api/portraits/men/69.jpg",
    "password": "123456"
  },
  {
    "name": "Dr. Deepa Menon",
    "phone": "919876540070",
    "email": "deepa.menon70@example.com",
    "gender": "Female",
    "location": { "type": "Point", "coordinates": [80.2199, 13.1177] },
    "medicalReg": "TNMC2025070",
    "specialization": "Radiology",
    "photo": "https://randomuser.me/api/portraits/women/70.jpg",
    "password": "123456"
  },
  {
    "name": "Dr. Vivek Reddy",
    "phone": "919876540071",
    "email": "vivek.reddy71@example.com",
    "gender": "Male",
    "location": { "type": "Point", "coordinates": [80.2388, 13.1111] },
    "medicalReg": "TNMC2025071",
    "specialization": "Anesthesiology",
    "photo": "https://randomuser.me/api/portraits/men/71.jpg",
    "password": "123456"
  },
  {
    "name": "Dr. Kavitha S",
    "phone": "919876540072",
    "email": "kavitha.s72@example.com",
    "gender": "Female",
    "location": { "type": "Point", "coordinates": [80.2113, 13.1345] },
    "medicalReg": "TNMC2025072",
    "specialization": "Immunology",
    "photo": "https://randomuser.me/api/portraits/women/72.jpg",
    "password": "123456"
  },
  {
    "name": "Dr. Ramesh Babu",
    "phone": "919876540073",
    "email": "ramesh.babu73@example.com",
    "gender": "Male",
    "location": { "type": "Point", "coordinates": [80.2172, 13.1242] },
    "medicalReg": "TNMC2025073",
    "specialization": "Orthopedics",
    "photo": "https://randomuser.me/api/portraits/men/73.jpg",
    "password": "123456"
  },
  {
    "name": "Dr. Priya K",
    "phone": "919876540074",
    "email": "priya.k74@example.com",
    "gender": "Female",
    "location": { "type": "Point", "coordinates": [80.2247, 13.1104] },
    "medicalReg": "TNMC2025074",
    "specialization": "Cardiology",
    "photo": "https://randomuser.me/api/portraits/women/74.jpg",
    "password": "123456"
  },
  {
    "name": "Dr. Manoj Nair",
    "phone": "919876540075",
    "email": "manoj.nair75@example.com",
    "gender": "Male",
    "location": { "type": "Point", "coordinates": [80.2107, 13.1186] },
    "medicalReg": "TNMC2025075",
    "specialization": "General Surgery",
    "photo": "https://randomuser.me/api/portraits/men/75.jpg",
    "password": "123456"
  },
  {
    "name": "Dr. Anu Joseph",
    "phone": "919876540076",
    "email": "anu.joseph76@example.com",
    "gender": "Female",
    "location": { "type": "Point", "coordinates": [80.2397, 13.1292] },
    "medicalReg": "TNMC2025076",
    "specialization": "Gynecology",
    "photo": "https://randomuser.me/api/portraits/women/76.jpg",
    "password": "123456"
  },
  {
    "name": "Dr. Prakash S",
    "phone": "919876540077",
    "email": "prakash.s77@example.com",
    "gender": "Male",
    "location": { "type": "Point", "coordinates": [80.2228, 13.1136] },
    "medicalReg": "TNMC2025077",
    "specialization": "Dermatology",
    "photo": "https://randomuser.me/api/portraits/men/77.jpg",
    "password": "123456"
  },
  {
    "name": "Dr. Roshni R",
    "phone": "919876540078",
    "email": "roshni.r78@example.com",
    "gender": "Female",
    "location": { "type": "Point", "coordinates": [80.2183, 13.1271] },
    "medicalReg": "TNMC2025078",
    "specialization": "Neurology",
    "photo": "https://randomuser.me/api/portraits/women/78.jpg",
    "password": "123456"
  },
  {
    "name": "Dr. Sanjay Menon",
    "phone": "919876540079",
    "email": "sanjay.menon79@example.com",
    "gender": "Male",
    "location": { "type": "Point", "coordinates": [80.2291, 13.1157] },
    "medicalReg": "TNMC2025079",
    "specialization": "Pediatrics",
    "photo": "https://randomuser.me/api/portraits/men/79.jpg",
    "password": "123456"
  },
  {
    "name": "Dr. Meera S",
    "phone": "919876540080",
    "email": "meera.s80@example.com",
    "gender": "Female",
    "location": { "type": "Point", "coordinates": [80.2129, 13.1091] },
    "medicalReg": "TNMC2025080",
    "specialization": "Orthopedics",
    "photo": "https://randomuser.me/api/portraits/women/80.jpg",
    "password": "123456"
  },
  {
    "name": "Dr. Abhinav V",
    "phone": "919876540081",
    "email": "abhinav.v81@example.com",
    "gender": "Male",
    "location": { "type": "Point", "coordinates": [80.2161, 13.1057] },
    "medicalReg": "TNMC2025081",
    "specialization": "Gynecology",
    "photo": "https://randomuser.me/api/portraits/men/81.jpg",
    "password": "123456"
  },
  {
    "name": "Dr. Shweta Jain",
    "phone": "919876540082",
    "email": "shweta.jain82@example.com",
    "gender": "Female",
    "location": { "type": "Point", "coordinates": [80.2419, 13.1124] },
    "medicalReg": "TNMC2025082",
    "specialization": "ENT",
    "photo": "https://randomuser.me/api/portraits/women/82.jpg",
    "password": "123456"
  },
  {
    "name": "Dr. Rohit Pillai",
    "phone": "919876540083",
    "email": "rohit.pillai83@example.com",
    "gender": "Male",
    "location": { "type": "Point", "coordinates": [80.2103, 13.1208] },
    "medicalReg": "TNMC2025083",
    "specialization": "Ophthalmology",
    "photo": "https://randomuser.me/api/portraits/men/83.jpg",
    "password": "123456"
  },
  {
    "name": "Dr. Aarti S",
    "phone": "919876540084",
    "email": "aarti.s84@example.com",
    "gender": "Female",
    "location": { "type": "Point", "coordinates": [80.2225, 13.1109] },
    "medicalReg": "TNMC2025084",
    "specialization": "General Medicine",
    "photo": "https://randomuser.me/api/portraits/women/84.jpg",
    "password": "123456"
  },
  {
    "name": "Dr. Vignesh K",
    "phone": "919876540085",
    "email": "vignesh.k85@example.com",
    "gender": "Male",
    "location": { "type": "Point", "coordinates": [80.2259, 13.1264] },
    "medicalReg": "TNMC2025085",
    "specialization": "Psychiatry",
    "photo": "https://randomuser.me/api/portraits/men/85.jpg",
    "password": "123456"
  },
  {
    "name": "Dr. Shilpa Nair",
    "phone": "919876540086",
    "email": "shilpa.nair86@example.com",
    "gender": "Female",
    "location": { "type": "Point", "coordinates": [80.2197, 13.1082] },
    "medicalReg": "TNMC2025086",
    "specialization": "Urology",
    "photo": "https://randomuser.me/api/portraits/women/86.jpg",
    "password": "123456"
  },
  {
    "name": "Dr. Arjun S",
    "phone": "919876540087",
    "email": "arjun.s87@example.com",
    "gender": "Male",
    "location": { "type": "Point", "coordinates": [80.2338, 13.1277] },
    "medicalReg": "TNMC2025087",
    "specialization": "Pulmonology",
    "photo": "https://randomuser.me/api/portraits/men/87.jpg",
    "password": "123456"
  },
  {
    "name": "Dr. Shruti Iyer",
    "phone": "919876540088",
    "email": "shruti.iyer88@example.com",
    "gender": "Female",
    "location": { "type": "Point", "coordinates": [80.2131, 13.1193] },
    "medicalReg": "TNMC2025088",
    "specialization": "Nephrology",
    "photo": "https://randomuser.me/api/portraits/women/88.jpg",
    "password": "123456"
  },
  {
    "name": "Dr. Karthik S",
    "phone": "919876540089",
    "email": "karthik.s89@example.com",
    "gender": "Male",
    "location": { "type": "Point", "coordinates": [80.2176, 13.1115] },
    "medicalReg": "TNMC2025089",
    "specialization": "Endocrinology",
    "photo": "https://randomuser.me/api/portraits/men/89.jpg",
    "password": "123456"
  },
  {
    "name": "Dr. Nandini Rao",
    "phone": "919876540090",
    "email": "nandini.rao90@example.com",
    "gender": "Female",
    "location": { "type": "Point", "coordinates": [80.2315, 13.1196] },
    "medicalReg": "TNMC2025090",
    "specialization": "Gastroenterology",
    "photo": "https://randomuser.me/api/portraits/women/90.jpg",
    "password": "123456"
  },
  {
    "name": "Dr. Sumanth Nair",
    "phone": "919876540091",
    "email": "sumanth.nair91@example.com",
    "gender": "Male",
    "location": { "type": "Point", "coordinates": [80.2201, 13.1231] },
    "medicalReg": "TNMC2025091",
    "specialization": "Oncology",
    "photo": "https://randomuser.me/api/portraits/men/91.jpg",
    "password": "123456"
  },
  {
    "name": "Dr. Rachana S",
    "phone": "919876540092",
    "email": "rachana.s92@example.com",
    "gender": "Female",
    "location": { "type": "Point", "coordinates": [80.2127, 13.1072] },
    "medicalReg": "TNMC2025092",
    "specialization": "Rheumatology",
    "photo": "https://randomuser.me/api/portraits/women/92.jpg",
    "password": "123456"
  },
  {
    "name": "Dr. Nikhil Reddy",
    "phone": "919876540093",
    "email": "nikhil.reddy93@example.com",
    "gender": "Male",
    "location": { "type": "Point", "coordinates": [80.2189, 13.1296] },
    "medicalReg": "TNMC2025093",
    "specialization": "Pathology",
    "photo": "https://randomuser.me/api/portraits/men/93.jpg",
    "password": "123456"
  },
  {
    "name": "Dr. Gayathri V",
    "phone": "919876540094",
    "email": "gayathri.v94@example.com",
    "gender": "Female",
    "location": { "type": "Point", "coordinates": [80.2158, 13.1137] },
    "medicalReg": "TNMC2025094",
    "specialization": "Hematology",
    "photo": "https://randomuser.me/api/portraits/women/94.jpg",
    "password": "123456"
  },
  {
    "name": "Dr. Rajat Singh",
    "phone": "919876540095",
    "email": "rajat.singh95@example.com",
    "gender": "Male",
    "location": { "type": "Point", "coordinates": [80.2255, 13.1164] },
    "medicalReg": "TNMC2025095",
    "specialization": "Radiology",
    "photo": "https://randomuser.me/api/portraits/men/95.jpg",
    "password": "123456"
  },
  {
    "name": "Dr. Divya Nair",
    "phone": "919876540096",
    "email": "divya.nair96@example.com",
    "gender": "Female",
    "location": { "type": "Point", "coordinates": [80.2125, 13.1217] },
    "medicalReg": "TNMC2025096",
    "specialization": "Anesthesiology",
    "photo": "https://randomuser.me/api/portraits/women/96.jpg",
    "password": "123456"
  },
  {
    "name": "Dr. Sudeep S",
    "phone": "919876540097",
    "email": "sudeep.s97@example.com",
    "gender": "Male",
    "location": { "type": "Point", "coordinates": [80.2312, 13.1095] },
    "medicalReg": "TNMC2025097",
    "specialization": "Immunology",
    "photo": "https://randomuser.me/api/portraits/men/97.jpg",
    "password": "123456"
  },
  {
    "name": "Dr. Riya Pillai",
    "phone": "919876540098",
    "email": "riya.pillai98@example.com",
    "gender": "Female",
    "location": { "type": "Point", "coordinates": [80.2204, 13.1107] },
    "medicalReg": "TNMC2025098",
    "specialization": "Orthopedics",
    "photo": "https://randomuser.me/api/portraits/women/98.jpg",
    "password": "123456"
  },
  {
    "name": "Dr. Keshav R",
    "phone": "919876540099",
    "email": "keshav.r99@example.com",
    "gender": "Male",
    "location": { "type": "Point", "coordinates": [80.2173, 13.1152] },
    "medicalReg": "TNMC2025099",
    "specialization": "Cardiology",
    "photo": "https://randomuser.me/api/portraits/men/99.jpg",
    "password": "123456"
  },
  {
    "name": "Dr. Nivedita S",
    "phone": "919876540100",
    "email": "nivedita.s100@example.com",
    "gender": "Female",
    "location": { "type": "Point", "coordinates": [80.2241, 13.1272] },
    "medicalReg": "TNMC2025100",
    "specialization": "General Surgery",
    "photo": "https://randomuser.me/api/portraits/women/100.jpg",
    "password": "123456"
  },
  {
    "name": "Dr. Ravi Kumar",
    "phone": "919876540001",
    "email": "ravi.kumar1@example.com",
    "gender": "Male",
    "location": { "type": "Point", "coordinates": [80.2090, 13.1155] },
    "medicalReg": "TNMC2025001",
    "specialization": "Cardiology",
    "photo": "https://randomuser.me/api/portraits/men/1.jpg",
    "password": "123456"
  },
  {
    "name": "Dr. Anjali Sharma",
    "phone": "919876540002",
    "email": "anjali.sharma2@example.com",
    "gender": "Female",
    "location": { "type": "Point", "coordinates": [80.2337, 13.1193] },
    "medicalReg": "TNMC2025002",
    "specialization": "Dermatology",
    "photo": "https://randomuser.me/api/portraits/women/2.jpg",
    "password": "123456"
  },
  {
    "name": "Dr. Suresh Patel",
    "phone": "919876540003",
    "email": "suresh.patel3@example.com",
    "gender": "Male",
    "location": { "type": "Point", "coordinates": [80.2457, 13.1142] },
    "medicalReg": "TNMC2025003",
    "specialization": "Neurology",
    "photo": "https://randomuser.me/api/portraits/men/3.jpg",
    "password": "123456"
  },
  {
    "name": "Dr. Meena Iyer",
    "phone": "919876540004",
    "email": "meena.iyer4@example.com",
    "gender": "Female",
    "location": { "type": "Point", "coordinates": [80.1986, 13.1067] },
    "medicalReg": "TNMC2025004",
    "specialization": "Pediatrics",
    "photo": "https://randomuser.me/api/portraits/women/4.jpg",
    "password": "123456"
  },
  {
    "name": "Dr. Arjun Singh",
    "phone": "919876540005",
    "email": "arjun.singh5@example.com",
    "gender": "Male",
    "location": { "type": "Point", "coordinates": [80.2012, 13.1398] },
    "medicalReg": "TNMC2025005",
    "specialization": "Orthopedics",
    "photo": "https://randomuser.me/api/portraits/men/5.jpg",
    "password": "123456"
  },
  {
    "name": "Dr. Priya Nair",
    "phone": "919876540006",
    "email": "priya.nair6@example.com",
    "gender": "Female",
    "location": { "type": "Point", "coordinates": [80.2461, 13.1105] },
    "medicalReg": "TNMC2025006",
    "specialization": "Gynecology",
    "photo": "https://randomuser.me/api/portraits/women/6.jpg",
    "password": "123456"
  },
  {
    "name": "Dr. Karthik Raj",
    "phone": "919876540007",
    "email": "karthik.raj7@example.com",
    "gender": "Male",
    "location": { "type": "Point", "coordinates": [80.2079, 13.1277] },
    "medicalReg": "TNMC2025007",
    "specialization": "ENT",
    "photo": "https://randomuser.me/api/portraits/men/7.jpg",
    "password": "123456"
  },
  {
    "name": "Dr. Shalini Menon",
    "phone": "919876540008",
    "email": "shalini.menon8@example.com",
    "gender": "Female",
    "location": { "type": "Point", "coordinates": [80.2345, 13.1285] },
    "medicalReg": "TNMC2025008",
    "specialization": "Ophthalmology",
    "photo": "https://randomuser.me/api/portraits/women/8.jpg",
    "password": "123456"
  },
  {
    "name": "Dr. Manoj Das",
    "phone": "919876540009",
    "email": "manoj.das9@example.com",
    "gender": "Male",
    "location": { "type": "Point", "coordinates": [80.2222, 13.1023] },
    "medicalReg": "TNMC2025009",
    "specialization": "General Medicine",
    "photo": "https://randomuser.me/api/portraits/men/9.jpg",
    "password": "123456"
  },
  {
    "name": "Dr. Kavya S",
    "phone": "919876540010",
    "email": "kavya.s10@example.com",
    "gender": "Female",
    "location": { "type": "Point", "coordinates": [80.2153, 13.1362] },
    "medicalReg": "TNMC2025010",
    "specialization": "Psychiatry",
    "photo": "https://randomuser.me/api/portraits/women/10.jpg",
    "password": "123456"
  },
  {
    "name": "Dr. Vinod Reddy",
    "phone": "919876540011",
    "email": "vinod.reddy11@example.com",
    "gender": "Male",
    "location": { "type": "Point", "coordinates": [80.2321, 13.1245] },
    "medicalReg": "TNMC2025011",
    "specialization": "Urology",
    "photo": "https://randomuser.me/api/portraits/men/11.jpg",
    "password": "123456"
  },
  {
    "name": "Dr. Sneha Rao",
    "phone": "919876540012",
    "email": "sneha.rao12@example.com",
    "gender": "Female",
    "location": { "type": "Point", "coordinates": [80.2107, 13.1201] },
    "medicalReg": "TNMC2025012",
    "specialization": "Pulmonology",
    "photo": "https://randomuser.me/api/portraits/women/12.jpg",
    "password": "123456"
  },
  {
    "name": "Dr. Nitin Verma",
    "phone": "919876540013",
    "email": "nitin.verma13@example.com",
    "gender": "Male",
    "location": { "type": "Point", "coordinates": [80.2266, 13.1113] },
    "medicalReg": "TNMC2025013",
    "specialization": "Nephrology",
    "photo": "https://randomuser.me/api/portraits/men/13.jpg",
    "password": "123456"
  },
  {
    "name": "Dr. Ritu Agarwal",
    "phone": "919876540014",
    "email": "ritu.agarwal14@example.com",
    "gender": "Female",
    "location": { "type": "Point", "coordinates": [80.2177, 13.1088] },
    "medicalReg": "TNMC2025014",
    "specialization": "Endocrinology",
    "photo": "https://randomuser.me/api/portraits/women/14.jpg",
    "password": "123456"
  },
  {
    "name": "Dr. Ajay Pillai",
    "phone": "919876540015",
    "email": "ajay.pillai15@example.com",
    "gender": "Male",
    "location": { "type": "Point", "coordinates": [80.2411, 13.1345] },
    "medicalReg": "TNMC2025015",
    "specialization": "Gastroenterology",
    "photo": "https://randomuser.me/api/portraits/men/15.jpg",
    "password": "123456"
  },
  {
    "name": "Dr. Lakshmi V",
    "phone": "919876540016",
    "email": "lakshmi.v16@example.com",
    "gender": "Female",
    "location": { "type": "Point", "coordinates": [80.2209, 13.1044] },
    "medicalReg": "TNMC2025016",
    "specialization": "Oncology",
    "photo": "https://randomuser.me/api/portraits/women/16.jpg",
    "password": "123456"
  },
  {
    "name": "Dr. Prakash Jain",
    "phone": "919876540017",
    "email": "prakash.jain17@example.com",
    "gender": "Male",
    "location": { "type": "Point", "coordinates": [80.2134, 13.1176] },
    "medicalReg": "TNMC2025017",
    "specialization": "Rheumatology",
    "photo": "https://randomuser.me/api/portraits/men/17.jpg",
    "password": "123456"
  },
  {
    "name": "Dr. Sunita Gupta",
    "phone": "919876540018",
    "email": "sunita.gupta18@example.com",
    "gender": "Female",
    "location": { "type": "Point", "coordinates": [80.2382, 13.1302] },
    "medicalReg": "TNMC2025018",
    "specialization": "Pathology",
    "photo": "https://randomuser.me/api/portraits/women/18.jpg",
    "password": "123456"
  },
  {
    "name": "Dr. Rajesh Nair",
    "phone": "919876540019",
    "email": "rajesh.nair19@example.com",
    "gender": "Male",
    "location": { "type": "Point", "coordinates": [80.2157, 13.1133] },
    "medicalReg": "TNMC2025019",
    "specialization": "Hematology",
    "photo": "https://randomuser.me/api/portraits/men/19.jpg",
    "password": "123456"
  },
  {
    "name": "Dr. Divya Menon",
    "phone": "919876540020",
    "email": "divya.menon20@example.com",
    "gender": "Female",
    "location": { "type": "Point", "coordinates": [80.2024, 13.1339] },
    "medicalReg": "TNMC2025020",
    "specialization": "Radiology",
    "photo": "https://randomuser.me/api/portraits/women/20.jpg",
    "password": "123456"
  },
  {
    "name": "Dr. Gaurav Singh",
    "phone": "919876540021",
    "email": "gaurav.singh21@example.com",
    "gender": "Male",
    "location": { "type": "Point", "coordinates": [80.2288, 13.1374] },
    "medicalReg": "TNMC2025021",
    "specialization": "Anesthesiology",
    "photo": "https://randomuser.me/api/portraits/men/21.jpg",
    "password": "123456"
  },
  {
    "name": "Dr. Neha S",
    "phone": "919876540022",
    "email": "neha.s22@example.com",
    "gender": "Female",
    "location": { "type": "Point", "coordinates": [80.2101, 13.1102] },
    "medicalReg": "TNMC2025022",
    "specialization": "Immunology",
    "photo": "https://randomuser.me/api/portraits/women/22.jpg",
    "password": "123456"
  },
  {
    "name": "Dr. Sanjay Rao",
    "phone": "919876540023",
    "email": "sanjay.rao23@example.com",
    "gender": "Male",
    "location": { "type": "Point", "coordinates": [80.2435, 13.1087] },
    "medicalReg": "TNMC2025023",
    "specialization": "Orthopedics",
    "photo": "https://randomuser.me/api/portraits/men/23.jpg",
    "password": "123456"
  },
  {
    "name": "Dr. Pooja Sharma",
    "phone": "919876540024",
    "email": "pooja.sharma24@example.com",
    "gender": "Female",
    "location": { "type": "Point", "coordinates": [80.2244, 13.1401] },
    "medicalReg": "TNMC2025024",
    "specialization": "Cardiology",
    "photo": "https://randomuser.me/api/portraits/women/24.jpg",
    "password": "123456"
  },
  {
    "name": "Dr. Mohan Krishnan",
    "phone": "919876540025",
    "email": "mohan.krishnan25@example.com",
    "gender": "Male",
    "location": { "type": "Point", "coordinates": [80.2360, 13.1215] },
    "medicalReg": "TNMC2025025",
    "specialization": "General Surgery",
    "photo": "https://randomuser.me/api/portraits/men/25.jpg",
    "password": "123456"
  },
  {
    "name": "Dr. Nisha Reddy",
    "phone": "919876540026",
    "email": "nisha.reddy26@example.com",
    "gender": "Female",
    "location": { "type": "Point", "coordinates": [80.2415, 13.1202] },
    "medicalReg": "TNMC2025026",
    "specialization": "Dermatology",
    "photo": "https://randomuser.me/api/portraits/women/26.jpg",
    "password": "123456"
  },
  {
    "name": "Dr. Raghav Menon",
    "phone": "919876540027",
    "email": "raghav.menon27@example.com",
    "gender": "Male",
    "location": { "type": "Point", "coordinates": [80.2136, 13.1098] },
    "medicalReg": "TNMC2025027",
    "specialization": "Cardiology",
    "photo": "https://randomuser.me/api/portraits/men/27.jpg",
    "password": "123456"
  },
  {
    "name": "Dr. Swati Gupta",
    "phone": "919876540028",
    "email": "swati.gupta28@example.com",
    "gender": "Female",
    "location": { "type": "Point", "coordinates": [80.2188, 13.1282] },
    "medicalReg": "TNMC2025028",
    "specialization": "Gynecology",
    "photo": "https://randomuser.me/api/portraits/women/28.jpg",
    "password": "123456"
  },
  {
    "name": "Dr. Deepak S",
    "phone": "919876540029",
    "email": "deepak.s29@example.com",
    "gender": "Male",
    "location": { "type": "Point", "coordinates": [80.2260, 13.1325] },
    "medicalReg": "TNMC2025029",
    "specialization": "Neurology",
    "photo": "https://randomuser.me/api/portraits/men/29.jpg",
    "password": "123456"
  },
  {
    "name": "Dr. Aishwarya Rao",
    "phone": "919876540030",
    "email": "aishwarya.rao30@example.com",
    "gender": "Female",
    "location": { "type": "Point", "coordinates": [80.2301, 13.1029] },
    "medicalReg": "TNMC2025030",
    "specialization": "Pediatrics",
    "photo": "https://randomuser.me/api/portraits/women/30.jpg",
    "password": "123456"
  },
  {
    "name": "Dr. Rajiv Kapoor",
    "phone": "919876540031",
    "email": "rajiv.kapoor31@example.com",
    "gender": "Male",
    "location": { "type": "Point", "coordinates": [80.2195, 13.1355] },
    "medicalReg": "TNMC2025031",
    "specialization": "Orthopedics",
    "photo": "https://randomuser.me/api/portraits/men/31.jpg",
    "password": "123456"
  },
  {
    "name": "Dr. Preeti Singh",
    "phone": "919876540032",
    "email": "preeti.singh32@example.com",
    "gender": "Female",
    "location": { "type": "Point", "coordinates": [80.2372, 13.1119] },
    "medicalReg": "TNMC2025032",
    "specialization": "Psychiatry",
    "photo": "https://randomuser.me/api/portraits/women/32.jpg",
    "password": "123456"
  },
  {
    "name": "Dr. Harish Chandra",
    "phone": "919876540033",
    "email": "harish.chandra33@example.com",
    "gender": "Male",
    "location": { "type": "Point", "coordinates": [80.2057, 13.1306] },
    "medicalReg": "TNMC2025033",
    "specialization": "General Medicine",
    "photo": "https://randomuser.me/api/portraits/men/33.jpg",
    "password": "123456"
  },
  {
    "name": "Dr. Rupa Joshi",
    "phone": "919876540034",
    "email": "rupa.joshi34@example.com",
    "gender": "Female",
    "location": { "type": "Point", "coordinates": [80.2245, 13.1167] },
    "medicalReg": "TNMC2025034",
    "specialization": "Ophthalmology",
    "photo": "https://randomuser.me/api/portraits/women/34.jpg",
    "password": "123456"
  },
  {
    "name": "Dr. Nitin S",
    "phone": "919876540035",
    "email": "nitin.s35@example.com",
    "gender": "Male",
    "location": { "type": "Point", "coordinates": [80.2278, 13.1068] },
    "medicalReg": "TNMC2025035",
    "specialization": "Urology",
    "photo": "https://randomuser.me/api/portraits/men/35.jpg",
    "password": "123456"
  },
  {
    "name": "Dr. Mala Krishnan",
    "phone": "919876540036",
    "email": "mala.krishnan36@example.com",
    "gender": "Female",
    "location": { "type": "Point", "coordinates": [80.2399, 13.1257] },
    "medicalReg": "TNMC2025036",
    "specialization": "Pulmonology",
    "photo": "https://randomuser.me/api/portraits/women/36.jpg",
    "password": "123456"
  },
  {
    "name": "Dr. Ashok Kumar",
    "phone": "919876540037",
    "email": "ashok.kumar37@example.com",
    "gender": "Male",
    "location": { "type": "Point", "coordinates": [80.2213, 13.1092] },
    "medicalReg": "TNMC2025037",
    "specialization": "Nephrology",
    "photo": "https://randomuser.me/api/portraits/men/37.jpg",
    "password": "123456"
  },
  {
    "name": "Dr. Tara B",
    "phone": "919876540038",
    "email": "tara.b38@example.com",
    "gender": "Female",
    "location": { "type": "Point", "coordinates": [80.2431, 13.1186] },
    "medicalReg": "TNMC2025038",
    "specialization": "Endocrinology",
    "photo": "https://randomuser.me/api/portraits/women/38.jpg",
    "password": "123456"
  },
  {
    "name": "Dr. Pradeep Reddy",
    "phone": "919876540039",
    "email": "pradeep.reddy39@example.com",
    "gender": "Male",
    "location": { "type": "Point", "coordinates": [80.2156, 13.1372] },
    "medicalReg": "TNMC2025039",
    "specialization": "Gastroenterology",
    "photo": "https://randomuser.me/api/portraits/men/39.jpg",
    "password": "123456"
  },
  {
    "name": "Dr. Bhavana S",
    "phone": "919876540040",
    "email": "bhavana.s40@example.com",
    "gender": "Female",
    "location": { "type": "Point", "coordinates": [80.2182, 13.1317] },
    "medicalReg": "TNMC2025040",
    "specialization": "Oncology",
    "photo": "https://randomuser.me/api/portraits/women/40.jpg",
    "password": "123456"
  },
  {
    "name": "Dr. Manoj Pillai",
    "phone": "919876540041",
    "email": "manoj.pillai41@example.com",
    "gender": "Male",
    "location": { "type": "Point", "coordinates": [80.2418, 13.1240] },
    "medicalReg": "TNMC2025041",
    "specialization": "Rheumatology",
    "photo": "https://randomuser.me/api/portraits/men/41.jpg",
    "password": "123456"
  },
  {
    "name": "Dr. Sangeeta Iyer",
    "phone": "919876540042",
    "email": "sangeeta.iyer42@example.com",
    "gender": "Female",
    "location": { "type": "Point", "coordinates": [80.2037, 13.1049] },
    "medicalReg": "TNMC2025042",
    "specialization": "Pathology",
    "photo": "https://randomuser.me/api/portraits/women/42.jpg",
    "password": "123456"
  },
  {
    "name": "Dr. Vivek Sharma",
    "phone": "919876540043",
    "email": "vivek.sharma43@example.com",
    "gender": "Male",
    "location": { "type": "Point", "coordinates": [80.2099, 13.1289] },
    "medicalReg": "TNMC2025043",
    "specialization": "Hematology",
    "photo": "https://randomuser.me/api/portraits/men/43.jpg",
    "password": "123456"
  },
  {
    "name": "Dr. Priya Desai",
    "phone": "919876540044",
    "email": "priya.desai44@example.com",
    "gender": "Female",
    "location": { "type": "Point", "coordinates": [80.2362, 13.1165] },
    "medicalReg": "TNMC2025044",
    "specialization": "Radiology",
    "photo": "https://randomuser.me/api/portraits/women/44.jpg",
    "password": "123456"
  },
  {
    "name": "Dr. Rohit Verma",
    "phone": "919876540045",
    "email": "rohit.verma45@example.com",
    "gender": "Male",
    "location": { "type": "Point", "coordinates": [80.2147, 13.1138] },
    "medicalReg": "TNMC2025045",
    "specialization": "Anesthesiology",
    "photo": "https://randomuser.me/api/portraits/men/45.jpg",
    "password": "123456"
  },
  {
    "name": "Dr. Sneha Bhat",
    "phone": "919876540046",
    "email": "sneha.bhat46@example.com",
    "gender": "Female",
    "location": { "type": "Point", "coordinates": [80.2450, 13.1097] },
    "medicalReg": "TNMC2025046",
    "specialization": "Immunology",
    "photo": "https://randomuser.me/api/portraits/women/46.jpg",
    "password": "123456"
  },
  {
    "name": "Dr. Ajith Kumar",
    "phone": "919876540047",
    "email": "ajith.kumar47@example.com",
    "gender": "Male",
    "location": { "type": "Point", "coordinates": [80.2235, 13.1211] },
    "medicalReg": "TNMC2025047",
    "specialization": "Orthopedics",
    "photo": "https://randomuser.me/api/portraits/men/47.jpg",
    "password": "123456"
  },
  {
    "name": "Dr. Radhika S",
    "phone": "919876540048",
    "email": "radhika.s48@example.com",
    "gender": "Female",
    "location": { "type": "Point", "coordinates": [80.2111, 13.1392] },
    "medicalReg": "TNMC2025048",
    "specialization": "Cardiology",
    "photo": "https://randomuser.me/api/portraits/women/48.jpg",
    "password": "123456"
  },
  {
    "name": "Dr. Santosh Iyer",
    "phone": "919876540049",
    "email": "santosh.iyer49@example.com",
    "gender": "Male",
    "location": { "type": "Point", "coordinates": [80.2387, 13.1273] },
    "medicalReg": "TNMC2025049",
    "specialization": "General Surgery",
    "photo": "https://randomuser.me/api/portraits/men/49.jpg",
    "password": "123456"
  },
  {
    "name": "Dr. Ananya Rao",
    "phone": "919876540050",
    "email": "ananya.rao50@example.com",
    "gender": "Female",
    "location": { "type": "Point", "coordinates": [80.2178, 13.1218] },
    "medicalReg": "TNMC2025050",
    "specialization": "Gynecology",
    "photo": "https://randomuser.me/api/portraits/women/50.jpg",
    "password": "123456"
  }
]
