[
  {
    "name": "Sundar Rajan",
    "phone": "9000000086",
    "email": "sundar.rajan86@example.com",
    "gender": "Male",
    "dateOfBirth": "1988-03-15T00:00:00.000Z",
    "address": {
      "street": "21 Mambalam Main Road",
      "city": "Chennai",
      "state": "Tamil Nadu",
      "postalCode": "600033"
    },
    "emergencyContact": {
      "name": "Rajan S",
      "phone": "9000000866",
      "relation": "Father"
    },
    "password": "123456"
  },
  {
    "name": "Kavitha S",
    "phone": "9000000087",
    "email": "kavitha.s87@example.com",
    "gender": "Female",
    "dateOfBirth": "1992-05-10T00:00:00.000Z",
    "address": {
      "street": "18 Egmore High Road",
      "city": "Chennai",
      "state": "Tamil Nadu",
      "postalCode": "600008"
    },
    "emergencyContact": {
      "name": "Srinivasan K",
      "phone": "9000000877",
      "relation": "Father"
    },
    "password": "123456"
  },
  {
    "name": "Prakash Chandran",
    "phone": "9000000088",
    "email": "prakash.chandran88@example.com",
    "gender": "Male",
    "dateOfBirth": "1985-11-23T00:00:00.000Z",
    "address": {
      "street": "7 T Nagar South Road",
      "city": "Chennai",
      "state": "Tamil Nadu",
      "postalCode": "600017"
    },
    "emergencyContact": {
      "name": "Chandran P",
      "phone": "9000000888",
      "relation": "Father"
    },
    "password": "123456"
  },
  {
    "name": "Meena Kumari",
    "phone": "9000000089",
    "email": "meena.kumari89@example.com",
    "gender": "Female",
    "dateOfBirth": "1996-08-19T00:00:00.000Z",
    "address": {
      "street": "13 Anna Nagar East",
      "city": "Chennai",
      "state": "Tamil Nadu",
      "postalCode": "600040"
    },
    "emergencyContact": {
      "name": "Kumari R",
      "phone": "9000000899",
      "relation": "Mother"
    },
    "password": "123456"
  },
  {
    "name": "Vigneshwar S",
    "phone": "9000000090",
    "email": "vigneshwar.s90@example.com",
    "gender": "Male",
    "dateOfBirth": "1981-12-11T00:00:00.000Z",
    "address": {
      "street": "22 Mandaveli Lane",
      "city": "Chennai",
      "state": "Tamil Nadu",
      "postalCode": "600028"
    },
    "emergencyContact": {
      "name": "Sankaran V",
      "phone": "9000000900",
      "relation": "Father"
    },
    "password": "123456"
  },
  {
    "name": "Nandhini R",
    "phone": "9000000091",
    "email": "nandhini.r91@example.com",
    "gender": "Female",
    "dateOfBirth": "1994-03-25T00:00:00.000Z",
    "address": {
      "street": "8 Guindy Link Road",
      "city": "Chennai",
      "state": "Tamil Nadu",
      "postalCode": "600032"
    },
    "emergencyContact": {
      "name": "Raman R",
      "phone": "9000000911",
      "relation": "Father"
    },
    "password": "123456"
  },
  {
    "name": "Ramesh Babu",
    "phone": "9000000092",
    "email": "ramesh.babu92@example.com",
    "gender": "Male",
    "dateOfBirth": "1987-09-14T00:00:00.000Z",
    "address": {
      "street": "15 Besant Nagar Beach Road",
      "city": "Chennai",
      "state": "Tamil Nadu",
      "postalCode": "600090"
    },
    "emergencyContact": {
      "name": "Babu R",
      "phone": "9000000922",
      "relation": "Father"
    },
    "password": "123456"
  },
  {
    "name": "Priyadarshini S",
    "phone": "9000000093",
    "email": "priyadarshini.s93@example.com",
    "gender": "Female",
    "dateOfBirth": "1992-11-17T00:00:00.000Z",
    "address": {
      "street": "18 Velachery Main Road",
      "city": "Chennai",
      "state": "Tamil Nadu",
      "postalCode": "600042"
    },
    "emergencyContact": {
      "name": "Sundar S",
      "phone": "9000000933",
      "relation": "Father"
    },
    "password": "123456"
  },
  {
    "name": "Karthikeyan N",
    "phone": "9000000094",
    "email": "karthikeyan.n94@example.com",
    "gender": "Male",
    "dateOfBirth": "1986-06-28T00:00:00.000Z",
    "address": {
      "street": "21 Taramani Road",
      "city": "Chennai",
      "state": "Tamil Nadu",
      "postalCode": "600113"
    },
    "emergencyContact": {
      "name": "Natesan K",
      "phone": "9000000944",
      "relation": "Father"
    },
    "password": "123456"
  },
  {
    "name": "Lakshmi Narayanan",
    "phone": "9000000095",
    "email": "lakshmi.narayanan95@example.com",
    "gender": "Female",
    "dateOfBirth": "1997-01-12T00:00:00.000Z",
    "address": {
      "street": "11 Nungambakkam High Road",
      "city": "Chennai",
      "state": "Tamil Nadu",
      "postalCode": "600034"
    },
    "emergencyContact": {
      "name": "Narayanan L",
      "phone": "9000000955",
      "relation": "Father"
    },
    "password": "123456"
  },
  {
    "name": "Srinivasan R",
    "phone": "9000000096",
    "email": "srinivasan.r96@example.com",
    "gender": "Male",
    "dateOfBirth": "1982-10-19T00:00:00.000Z",
    "address": {
      "street": "6 Perambur Main Road",
      "city": "Chennai",
      "state": "Tamil Nadu",
      "postalCode": "600011"
    },
    "emergencyContact": {
      "name": "Raman S",
      "phone": "9000000966",
      "relation": "Father"
    },
    "password": "123456"
  },
  {
    "name": "Shobana Devi",
    "phone": "9000000097",
    "email": "shobana.devi97@example.com",
    "gender": "Female",
    "dateOfBirth": "1991-12-22T00:00:00.000Z",
    "address": {
      "street": "14 Royapettah High Road",
      "city": "Chennai",
      "state": "Tamil Nadu",
      "postalCode": "600014"
    },
    "emergencyContact": {
      "name": "Devaraj S",
      "phone": "9000000977",
      "relation": "Father"
    },
    "password": "123456"
  },
  {
    "name": "Sathish Kumar",
    "phone": "9000000098",
    "email": "sathish.kumar98@example.com",
    "gender": "Male",
    "dateOfBirth": "1989-08-08T00:00:00.000Z",
    "address": {
      "street": "17 Triplicane Road",
      "city": "Chennai",
      "state": "Tamil Nadu",
      "postalCode": "600005"
    },
    "emergencyContact": {
      "name": "Kumaravel S",
      "phone": "9000000988",
      "relation": "Father"
    },
    "password": "123456"
  },
  {
    "name": "Aarthi S",
    "phone": "9000000099",
    "email": "aarthi.s99@example.com",
    "gender": "Female",
    "dateOfBirth": "1993-07-11T00:00:00.000Z",
    "address": {
      "street": "8 Saidapet Main Road",
      "city": "Chennai",
      "state": "Tamil Nadu",
      "postalCode": "600015"
    },
    "emergencyContact": {
      "name": "Sundar S",
      "phone": "9000000999",
      "relation": "Father"
    },
    "password": "123456"
  },
  {
    "name": "Vikram S",
    "phone": "9000000100",
    "email": "vikram.s100@example.com",
    "gender": "Male",
    "dateOfBirth": "1985-04-20T00:00:00.000Z",
    "address": {
      "street": "19 Guindy Industrial Estate",
      "city": "Chennai",
      "state": "Tamil Nadu",
      "postalCode": "600032"
    },
    "emergencyContact": {
      "name": "Sivakumar V",
      "phone": "9000001000",
      "relation": "Father"
    },
    "password": "123456"
  },
  {
    "name": "Priya Dharshini",
    "phone": "9000000101",
    "email": "priya.dharshini101@example.com",
    "gender": "Female",
    "dateOfBirth": "1998-09-10T00:00:00.000Z",
    "address": {
      "street": "21 Ashok Nagar Main Road",
      "city": "Chennai",
      "state": "Tamil Nadu",
      "postalCode": "600083"
    },
    "emergencyContact": {
      "name": "Dharshini P",
      "phone": "9000001011",
      "relation": "Mother"
    },
    "password": "123456"
  },
  {
    "name": "Suresh Kumar",
    "phone": "9000000102",
    "email": "suresh.kumar102@example.com",
    "gender": "Male",
    "dateOfBirth": "1987-06-11T00:00:00.000Z",
    "address": {
      "street": "13 Porur Main Road",
      "city": "Chennai",
      "state": "Tamil Nadu",
      "postalCode": "600116"
    },
    "emergencyContact": {
      "name": "Kumaravel S",
      "phone": "9000001022",
      "relation": "Father"
    },
    "password": "123456"
  },
  {
    "name": "Keerthana S",
    "phone": "9000000103",
    "email": "keerthana.s103@example.com",
    "gender": "Female",
    "dateOfBirth": "1995-11-19T00:00:00.000Z",
    "address": {
      "street": "19 Thiruvottiyur High Road",
      "city": "Chennai",
      "state": "Tamil Nadu",
      "postalCode": "600019"
    },
    "emergencyContact": {
      "name": "Saravanan K",
      "phone": "9000001033",
      "relation": "Father"
    },
    "password": "123456"
  },
  {
    "name": "Gokulnath S",
    "phone": "9000000104",
    "email": "gokulnath.s104@example.com",
    "gender": "Male",
    "dateOfBirth": "1986-12-31T00:00:00.000Z",
    "address": {
      "street": "77 Pallavaram Road",
      "city": "Chennai",
      "state": "Tamil Nadu",
      "postalCode": "600043"
    },
    "emergencyContact": {
      "name": "Rajeshwari G",
      "phone": "9000001044",
      "relation": "Mother"
    },
    "password": "123456"
  },
  {
    "name": "Radha S",
    "phone": "9000000105",
    "email": "radha.s105@example.com",
    "gender": "Female",
    "dateOfBirth": "1994-04-20T00:00:00.000Z",
    "address": {
      "street": "5 Perungudi Main Road",
      "city": "Chennai",
      "state": "Tamil Nadu",
      "postalCode": "600096"
    },
    "emergencyContact": {
      "name": "Krishnan R",
      "phone": "9000001055",
      "relation": "Father"
    },
    "password": "123456"
  },
  {
    "name": "Vasanth S",
    "phone": "9000000106",
    "email": "vasanth.s106@example.com",
    "gender": "Male",
    "dateOfBirth": "1991-08-14T00:00:00.000Z",
    "address": {
      "street": "31 Sholinganallur Road",
      "city": "Chennai",
      "state": "Tamil Nadu",
      "postalCode": "600119"
    },
    "emergencyContact": {
      "name": "Kumaravel V",
      "phone": "9000001066",
      "relation": "Father"
    },
    "password": "123456"
  },
  {
    "name": "Sangeetha R",
    "phone": "9000000107",
    "email": "sangeetha.r107@example.com",
    "gender": "Female",
    "dateOfBirth": "1998-10-02T00:00:00.000Z",
    "address": {
      "street": "12 Medavakkam Main Road",
      "city": "Chennai",
      "state": "Tamil Nadu",
      "postalCode": "600100"
    },
    "emergencyContact": {
      "name": "Srinivasan S",
      "phone": "9000001077",
      "relation": "Father"
    },
    "password": "123456"
  },
  {
    "name": "Rohit S",
    "phone": "9000000108",
    "email": "rohit.s108@example.com",
    "gender": "Male",
    "dateOfBirth": "1980-05-19T00:00:00.000Z",
    "address": {
      "street": "23 Saidapet West Road",
      "city": "Chennai",
      "state": "Tamil Nadu",
      "postalCode": "600015"
    },
    "emergencyContact": {
      "name": "Venkatesh R",
      "phone": "9000001088",
      "relation": "Father"
    },
    "password": "123456"
  },
  {
    "name": "Aarthi M",
    "phone": "9000000109",
    "email": "aarthi.m109@example.com",
    "gender": "Female",
    "dateOfBirth": "1993-01-22T00:00:00.000Z",
    "address": {
      "street": "14 Kodambakkam High Road",
      "city": "Chennai",
      "state": "Tamil Nadu",
      "postalCode": "600024"
    },
    "emergencyContact": {
      "name": "Murugan M",
      "phone": "9000001099",
      "relation": "Father"
    },
    "password": "123456"
  },
  {
    "name": "Ramesh Kumar",
    "phone": "9000000001",
    "email": "ramesh.kumar@example.com",
    "gender": "Male",
    "dateOfBirth": "1985-05-15T00:00:00.000Z",
    "address": {
      "street": "12 Gandhi Road",
      "city": "Chennai",
      "state": "Tamil Nadu",
      "postalCode": "600001"
    },
    "emergencyContact": {
      "name": "Suresh Kumar",
      "phone": "9000000011",
      "relation": "Father"
    },
    "password": "123456"
  },
  {
    "name": "Priya Rajan",
    "phone": "9000000002",
    "email": "priya.rajan@example.com",
    "gender": "Female",
    "dateOfBirth": "1992-11-22T00:00:00.000Z",
    "address": {
      "street": "34 Anna Salai",
      "city": "Chennai",
      "state": "Tamil Nadu",
      "postalCode": "600002"
    },
    "emergencyContact": {
      "name": "Arun Rajan",
      "phone": "9000000022",
      "relation": "Spouse"
    },
    "password": "123456"
  },
  {
    "name": "Karthik Subramanian",
    "phone": "9000000003",
    "email": "karthik.s@example.com",
    "gender": "Male",
    "dateOfBirth": "1978-08-04T00:00:00.000Z",
    "address": {
      "street": "78 Mylapore Street",
      "city": "Chennai",
      "state": "Tamil Nadu",
      "postalCode": "600004"
    },
    "emergencyContact": {
      "name": "Lakshmi Subramanian",
      "phone": "9000000033",
      "relation": "Mother"
    },
    "password": "123456"
  },
  {
    "name": "Anjali Venkatesh",
    "phone": "9000000004",
    "email": "anjali.v@example.com",
    "gender": "Female",
    "dateOfBirth": "2001-03-30T00:00:00.000Z",
    "address": {
      "street": "5 Besant Nagar Road",
      "city": "Chennai",
      "state": "Tamil Nadu",
      "postalCode": "600090"
    },
    "emergencyContact": {
      "name": "Venkatesh Iyer",
      "phone": "9000000044",
      "relation": "Father"
    },
    "password": "123456"
  },
  {
    "name": "Suresh Balaji",
    "phone": "9000000005",
    "email": "suresh.b@example.com",
    "gender": "Male",
    "dateOfBirth": "1999-07-12T00:00:00.000Z",
    "address": {
      "street": "23 T. Nagar Main Road",
      "city": "Chennai",
      "state": "Tamil Nadu",
      "postalCode": "600017"
    },
    "emergencyContact": {
      "name": "Meena Balaji",
      "phone": "9000000055",
      "relation": "Sister"
    },
    "password": "123456"
  },
  {
    "name": "Deepa Ravi",
    "phone": "9000000006",
    "email": "deepa.ravi@example.com",
    "gender": "Female",
    "dateOfBirth": "1982-12-01T00:00:00.000Z",
    "address": {
      "street": "9 Adyar Lane",
      "city": "Chennai",
      "state": "Tamil Nadu",
      "postalCode": "600020"
    },
    "emergencyContact": {
      "name": "Ravi Chandran",
      "phone": "9000000066",
      "relation": "Husband"
    },
    "password": "123456"
  },
  {
    "name": "Arjun Mohan",
    "phone": "9000000007",
    "email": "arjun.m@example.com",
    "gender": "Male",
    "dateOfBirth": "1975-04-18T00:00:00.000Z",
    "address": {
      "street": "45 Velachery Main Road",
      "city": "Chennai",
      "state": "Tamil Nadu",
      "postalCode": "600042"
    },
    "emergencyContact": {
      "name": "Shanti Mohan",
      "phone": "9000000077",
      "relation": "Wife"
    },
    "password": "123456"
  },
  {
    "name": "Nandini Suresh",
    "phone": "9000000008",
    "email": "nandini.s@example.com",
    "gender": "Female",
    "dateOfBirth": "1995-09-09T00:00:00.000Z",
    "address": {
      "street": "3 Thiruvanmiyur Beach Road",
      "city": "Chennai",
      "state": "Tamil Nadu",
      "postalCode": "600041"
    },
    "emergencyContact": {
      "name": "Suresh Kumar",
      "phone": "9000000088",
      "relation": "Brother"
    },
    "password": "123456"
  },
  {
    "name": "Vijay Anand",
    "phone": "9000000009",
    "email": "vijay.a@example.com",
    "gender": "Male",
    "dateOfBirth": "2005-01-25T00:00:00.000Z",
    "address": {
      "street": "78 Ambattur Industrial Estate",
      "city": "Chennai",
      "state": "Tamil Nadu",
      "postalCode": "600053"
    },
    "emergencyContact": {
      "name": "Geetha Anand",
      "phone": "9000000099",
      "relation": "Mother"
    },
    "password": "123456"
  },
  {
    "name": "Shanti Priya",
    "phone": "9000000010",
    "email": "shanti.p@example.com",
    "gender": "Female",
    "dateOfBirth": "1988-06-14T00:00:00.000Z",
    "address": {
      "street": "15 Chromepet High Road",
      "city": "Chennai",
      "state": "Tamil Nadu",
      "postalCode": "600044"
    },
    "emergencyContact": {
      "name": "Rajesh Kumar",
      "phone": "9000000100",
      "relation": "Husband"
    },
    "password": "123456"
  },
  {
    "name": "Harish Kumar",
    "phone": "9000000011",
    "email": "harish.kumar@example.com",
    "gender": "Male",
    "dateOfBirth": "1990-01-10T00:00:00.000Z",
    "address": {
      "street": "21 Mount Road",
      "city": "Chennai",
      "state": "Tamil Nadu",
      "postalCode": "600015"
    },
    "emergencyContact": {
      "name": "Lakshmi Kumar",
      "phone": "9000000111",
      "relation": "Mother"
    },
    "password": "123456"
  },
  {
    "name": "Divya Ramesh",
    "phone": "9000000012",
    "email": "divya.ramesh@example.com",
    "gender": "Female",
    "dateOfBirth": "1987-04-23T00:00:00.000Z",
    "address": {
      "street": "10 Poonamallee High Road",
      "city": "Chennai",
      "state": "Tamil Nadu",
      "postalCode": "600084"
    },
    "emergencyContact": {
      "name": "Ramesh Kumar",
      "phone": "9000000122",
      "relation": "Father"
    },
    "password": "123456"
  },
  {
    "name": "Sathish Babu",
    "phone": "9000000013",
    "email": "sathish.babu@example.com",
    "gender": "Male",
    "dateOfBirth": "1979-09-18T00:00:00.000Z",
    "address": {
      "street": "55 Royapettah High Road",
      "city": "Chennai",
      "state": "Tamil Nadu",
      "postalCode": "600014"
    },
    "emergencyContact": {
      "name": "Gomathi Babu",
      "phone": "9000000133",
      "relation": "Wife"
    },
    "password": "123456"
  },
  {
    "name": "Preethi Natarajan",
    "phone": "9000000014",
    "email": "preethi.n@example.com",
    "gender": "Female",
    "dateOfBirth": "1995-02-26T00:00:00.000Z",
    "address": {
      "street": "8 Egmore Street",
      "city": "Chennai",
      "state": "Tamil Nadu",
      "postalCode": "600008"
    },
    "emergencyContact": {
      "name": "Natarajan M",
      "phone": "9000000144",
      "relation": "Father"
    },
    "password": "123456"
  },
  {
    "name": "Manoj Shankar",
    "phone": "9000000015",
    "email": "manoj.shankar@example.com",
    "gender": "Male",
    "dateOfBirth": "1982-12-12T00:00:00.000Z",
    "address": {
      "street": "22 Nungambakkam High Road",
      "city": "Chennai",
      "state": "Tamil Nadu",
      "postalCode": "600034"
    },
    "emergencyContact": {
      "name": "Shankar Rao",
      "phone": "9000000155",
      "relation": "Father"
    },
    "password": "123456"
  },
  {
    "name": "Lavanya S",
    "phone": "9000000016",
    "email": "lavanya.s@example.com",
    "gender": "Female",
    "dateOfBirth": "1999-07-19T00:00:00.000Z",
    "address": {
      "street": "17 Perambur Main Road",
      "city": "Chennai",
      "state": "Tamil Nadu",
      "postalCode": "600011"
    },
    "emergencyContact": {
      "name": "Sundar S",
      "phone": "9000000166",
      "relation": "Brother"
    },
    "password": "123456"
  },
  {
    "name": "Kiran Raj",
    "phone": "9000000017",
    "email": "kiran.raj@example.com",
    "gender": "Male",
    "dateOfBirth": "1996-03-30T00:00:00.000Z",
    "address": {
      "street": "66 Teynampet Road",
      "city": "Chennai",
      "state": "Tamil Nadu",
      "postalCode": "600018"
    },
    "emergencyContact": {
      "name": "Rajeshwari K",
      "phone": "9000000177",
      "relation": "Mother"
    },
    "password": "123456"
  },
  {
    "name": "Meera Prasad",
    "phone": "9000000018",
    "email": "meera.prasad@example.com",
    "gender": "Female",
    "dateOfBirth": "1985-10-11T00:00:00.000Z",
    "address": {
      "street": "45 Mambalam Street",
      "city": "Chennai",
      "state": "Tamil Nadu",
      "postalCode": "600033"
    },
    "emergencyContact": {
      "name": "Prasad R",
      "phone": "9000000188",
      "relation": "Father"
    },
    "password": "123456"
  },
  {
    "name": "Aravind K",
    "phone": "9000000019",
    "email": "aravind.k@example.com",
    "gender": "Male",
    "dateOfBirth": "2000-08-21T00:00:00.000Z",
    "address": {
      "street": "29 Triplicane Road",
      "city": "Chennai",
      "state": "Tamil Nadu",
      "postalCode": "600005"
    },
    "emergencyContact": {
      "name": "Kumaravel S",
      "phone": "9000000199",
      "relation": "Father"
    },
    "password": "123456"
  },
  {
    "name": "Shalini Devi",
    "phone": "9000000020",
    "email": "shalini.devi@example.com",
    "gender": "Female",
    "dateOfBirth": "1993-06-17T00:00:00.000Z",
    "address": {
      "street": "11 Saidapet Main Road",
      "city": "Chennai",
      "state": "Tamil Nadu",
      "postalCode": "600015"
    },
    "emergencyContact": {
      "name": "Devaraj S",
      "phone": "9000000200",
      "relation": "Father"
    },
    "password": "123456"
  },
  {
    "name": "Vignesh S",
    "phone": "9000000021",
    "email": "vignesh.s@example.com",
    "gender": "Male",
    "dateOfBirth": "1997-11-13T00:00:00.000Z",
    "address": {
      "street": "6 Guindy Industrial Estate",
      "city": "Chennai",
      "state": "Tamil Nadu",
      "postalCode": "600032"
    },
    "emergencyContact": {
      "name": "Sivakumar S",
      "phone": "9000000211",
      "relation": "Father"
    },
    "password": "123456"
  },
  {
    "name": "Pavithra R",
    "phone": "9000000022",
    "email": "pavithra.r@example.com",
    "gender": "Female",
    "dateOfBirth": "1981-05-08T00:00:00.000Z",
    "address": {
      "street": "13 Ashok Nagar Main Road",
      "city": "Chennai",
      "state": "Tamil Nadu",
      "postalCode": "600083"
    },
    "emergencyContact": {
      "name": "Ravi R",
      "phone": "9000000222",
      "relation": "Husband"
    },
    "password": "123456"
  },
  {
    "name": "Sridhar Reddy",
    "phone": "9000000023",
    "email": "sridhar.reddy@example.com",
    "gender": "Male",
    "dateOfBirth": "1976-10-25T00:00:00.000Z",
    "address": {
      "street": "88 Porur Main Road",
      "city": "Chennai",
      "state": "Tamil Nadu",
      "postalCode": "600116"
    },
    "emergencyContact": {
      "name": "Lakshmi Reddy",
      "phone": "9000000233",
      "relation": "Wife"
    },
    "password": "123456"
  },
  {
    "name": "Keerthana S",
    "phone": "9000000024",
    "email": "keerthana.s@example.com",
    "gender": "Female",
    "dateOfBirth": "1994-03-07T00:00:00.000Z",
    "address": {
      "street": "19 Thiruvottiyur High Road",
      "city": "Chennai",
      "state": "Tamil Nadu",
      "postalCode": "600019"
    },
    "emergencyContact": {
      "name": "Saravanan S",
      "phone": "9000000244",
      "relation": "Father"
    },
    "password": "123456"
  },
  {
    "name": "Gokul Raj",
    "phone": "9000000025",
    "email": "gokul.raj@example.com",
    "gender": "Male",
    "dateOfBirth": "1986-12-31T00:00:00.000Z",
    "address": {
      "street": "77 Pallavaram Road",
      "city": "Chennai",
      "state": "Tamil Nadu",
      "postalCode": "600043"
    },
    "emergencyContact": {
      "name": "Rajeshwari G",
      "phone": "9000000255",
      "relation": "Mother"
    },
    "password": "123456"
  },
  {
    "name": "Radha Krishnan",
    "phone": "9000000026",
    "email": "radha.krishnan@example.com",
    "gender": "Female",
    "dateOfBirth": "1983-04-20T00:00:00.000Z",
    "address": {
      "street": "5 Perungudi Main Road",
      "city": "Chennai",
      "state": "Tamil Nadu",
      "postalCode": "600096"
    },
    "emergencyContact": {
      "name": "Krishnan V",
      "phone": "9000000266",
      "relation": "Father"
    },
    "password": "123456"
  },
  {
    "name": "Vasanth Kumar",
    "phone": "9000000027",
    "email": "vasanth.kumar@example.com",
    "gender": "Male",
    "dateOfBirth": "1991-08-14T00:00:00.000Z",
    "address": {
      "street": "31 Sholinganallur Road",
      "city": "Chennai",
      "state": "Tamil Nadu",
      "postalCode": "600119"
    },
    "emergencyContact": {
      "name": "Kumaravel V",
      "phone": "9000000277",
      "relation": "Father"
    },
    "password": "123456"
  },
  {
    "name": "Sangeetha S",
    "phone": "9000000028",
    "email": "sangeetha.s@example.com",
    "gender": "Female",
    "dateOfBirth": "1998-10-02T00:00:00.000Z",
    "address": {
      "street": "12 Medavakkam Main Road",
      "city": "Chennai",
      "state": "Tamil Nadu",
      "postalCode": "600100"
    },
    "emergencyContact": {
      "name": "Srinivasan S",
      "phone": "9000000288",
      "relation": "Father"
    },
    "password": "123456"
  },
  {
    "name": "Rohit V",
    "phone": "9000000029",
    "email": "rohit.v@example.com",
    "gender": "Male",
    "dateOfBirth": "1980-05-19T00:00:00.000Z",
    "address": {
      "street": "23 Saidapet West Road",
      "city": "Chennai",
      "state": "Tamil Nadu",
      "postalCode": "600015"
    },
    "emergencyContact": {
      "name": "Venkatesh R",
      "phone": "9000000299",
      "relation": "Father"
    },
    "password": "123456"
  },
  {
    "name": "Aarthi M",
    "phone": "9000000030",
    "email": "aarthi.m@example.com",
    "gender": "Female",
    "dateOfBirth": "1993-01-22T00:00:00.000Z",
    "address": {
      "street": "14 Kodambakkam High Road",
      "city": "Chennai",
      "state": "Tamil Nadu",
      "postalCode": "600024"
    },
    "emergencyContact": {
      "name": "Murugan M",
      "phone": "9000000300",
      "relation": "Father"
    },
    "password": "123456"
  },
  {
    "name": "Vikram S",
    "phone": "9000000031",
    "email": "vikram.s@example.com",
    "gender": "Male",
    "dateOfBirth": "1989-09-15T00:00:00.000Z",
    "address": {
      "street": "19 Avadi Main Road",
      "city": "Chennai",
      "state": "Tamil Nadu",
      "postalCode": "600054"
    },
    "emergencyContact": {
      "name": "Sundar S",
      "phone": "9000000311",
      "relation": "Father"
    },
    "password": "123456"
  },
  {
    "name": "Shobana R",
    "phone": "9000000032",
    "email": "shobana.r@example.com",
    "gender": "Female",
    "dateOfBirth": "1996-04-18T00:00:00.000Z",
    "address": {
      "street": "7 Villivakkam High Road",
      "city": "Chennai",
      "state": "Tamil Nadu",
      "postalCode": "600049"
    },
    "emergencyContact": {
      "name": "Raman R",
      "phone": "9000000322",
      "relation": "Father"
    },
    "password": "123456"
  },
  {
    "name": "Raghavendra K",
    "phone": "9000000033",
    "email": "raghavendra.k@example.com",
    "gender": "Male",
    "dateOfBirth": "1982-07-27T00:00:00.000Z",
    "address": {
      "street": "21 Mogappair Main Road",
      "city": "Chennai",
      "state": "Tamil Nadu",
      "postalCode": "600037"
    },
    "emergencyContact": {
      "name": "Keshav K",
      "phone": "9000000333",
      "relation": "Father"
    },
    "password": "123456"
  },
  {
    "name": "Sowmya S",
    "phone": "9000000034",
    "email": "sowmya.s@example.com",
    "gender": "Female",
    "dateOfBirth": "1992-12-05T00:00:00.000Z",
    "address": {
      "street": "34 Ayanavaram High Road",
      "city": "Chennai",
      "state": "Tamil Nadu",
      "postalCode": "600023"
    },
    "emergencyContact": {
      "name": "Srinivas S",
      "phone": "9000000344",
      "relation": "Father"
    },
    "password": "123456"
  },
  {
    "name": "Prakash M",
    "phone": "9000000035",
    "email": "prakash.m@example.com",
    "gender": "Male",
    "dateOfBirth": "1984-11-16T00:00:00.000Z",
    "address": {
      "street": "18 Purasawalkam High Road",
      "city": "Chennai",
      "state": "Tamil Nadu",
      "postalCode": "600007"
    },
    "emergencyContact": {
      "name": "Mohan M",
      "phone": "9000000355",
      "relation": "Father"
    },
    "password": "123456"
  },
  {
    "name": "Anand Raj",
    "phone": "9000000036",
    "email": "anand.raj36@example.com",
    "gender": "Male",
    "dateOfBirth": "1981-02-15T00:00:00.000Z",
    "address": {
      "street": "12 Kilpauk Garden Road",
      "city": "Chennai",
      "state": "Tamil Nadu",
      "postalCode": "600010"
    },
    "emergencyContact": {
      "name": "Ravi Raj",
      "phone": "9000000366",
      "relation": "Father"
    },
    "password": "123456"
  },
  {
    "name": "Bhavani S",
    "phone": "9000000037",
    "email": "bhavani.s37@example.com",
    "gender": "Female",
    "dateOfBirth": "1994-08-23T00:00:00.000Z",
    "address": {
      "street": "8 T Nagar North Road",
      "city": "Chennai",
      "state": "Tamil Nadu",
      "postalCode": "600017"
    },
    "emergencyContact": {
      "name": "Suresh S",
      "phone": "9000000377",
      "relation": "Brother"
    },
    "password": "123456"
  },
  {
    "name": "Karthikeya M",
    "phone": "9000000038",
    "email": "karthikeya.m38@example.com",
    "gender": "Male",
    "dateOfBirth": "1990-06-10T00:00:00.000Z",
    "address": {
      "street": "15 Anna Nagar Main Road",
      "city": "Chennai",
      "state": "Tamil Nadu",
      "postalCode": "600040"
    },
    "emergencyContact": {
      "name": "Meenakshi M",
      "phone": "9000000388",
      "relation": "Mother"
    },
    "password": "123456"
  },
  {
    "name": "Sahana R",
    "phone": "9000000039",
    "email": "sahana.r39@example.com",
    "gender": "Female",
    "dateOfBirth": "1983-11-05T00:00:00.000Z",
    "address": {
      "street": "22 Mylapore Tank Road",
      "city": "Chennai",
      "state": "Tamil Nadu",
      "postalCode": "600004"
    },
    "emergencyContact": {
      "name": "Ramesh R",
      "phone": "9000000399",
      "relation": "Father"
    },
    "password": "123456"
  },
  {
    "name": "Vikramaditya S",
    "phone": "9000000040",
    "email": "vikramaditya.s40@example.com",
    "gender": "Male",
    "dateOfBirth": "1997-09-21T00:00:00.000Z",
    "address": {
      "street": "18 Adyar River Road",
      "city": "Chennai",
      "state": "Tamil Nadu",
      "postalCode": "600020"
    },
    "emergencyContact": {
      "name": "Sundari S",
      "phone": "9000000400",
      "relation": "Mother"
    },
    "password": "123456"
  },
  {
    "name": "Priyanka N",
    "phone": "9000000041",
    "email": "priyanka.n41@example.com",
    "gender": "Female",
    "dateOfBirth": "1993-03-17T00:00:00.000Z",
    "address": {
      "street": "27 Besant Avenue",
      "city": "Chennai",
      "state": "Tamil Nadu",
      "postalCode": "600090"
    },
    "emergencyContact": {
      "name": "Natarajan N",
      "phone": "9000000411",
      "relation": "Father"
    },
    "password": "123456"
  },
  {
    "name": "Srinath S",
    "phone": "9000000042",
    "email": "srinath.s42@example.com",
    "gender": "Male",
    "dateOfBirth": "1985-12-28T00:00:00.000Z",
    "address": {
      "street": "34 Mandaveli Main Road",
      "city": "Chennai",
      "state": "Tamil Nadu",
      "postalCode": "600028"
    },
    "emergencyContact": {
      "name": "Sivakumar S",
      "phone": "9000000422",
      "relation": "Father"
    },
    "password": "123456"
  },
  {
    "name": "Madhavi K",
    "phone": "9000000043",
    "email": "madhavi.k43@example.com",
    "gender": "Female",
    "dateOfBirth": "1988-07-11T00:00:00.000Z",
    "address": {
      "street": "16 Guindy Park Road",
      "city": "Chennai",
      "state": "Tamil Nadu",
      "postalCode": "600032"
    },
    "emergencyContact": {
      "name": "Krishnan K",
      "phone": "9000000433",
      "relation": "Father"
    },
    "password": "123456"
  },
  {
    "name": "Rajeshwari S",
    "phone": "9000000044",
    "email": "rajeshwari.s44@example.com",
    "gender": "Female",
    "dateOfBirth": "1992-05-05T00:00:00.000Z",
    "address": {
      "street": "19 Taramani Link Road",
      "city": "Chennai",
      "state": "Tamil Nadu",
      "postalCode": "600113"
    },
    "emergencyContact": {
      "name": "Sundar S",
      "phone": "9000000444",
      "relation": "Father"
    },
    "password": "123456"
  },
  {
    "name": "Arvindh N",
    "phone": "9000000045",
    "email": "arvindh.n45@example.com",
    "gender": "Male",
    "dateOfBirth": "1984-10-19T00:00:00.000Z",
    "address": {
      "street": "23 Velachery Road",
      "city": "Chennai",
      "state": "Tamil Nadu",
      "postalCode": "600042"
    },
    "emergencyContact": {
      "name": "Natesan N",
      "phone": "9000000455",
      "relation": "Father"
    },
    "password": "123456"
  },
  {
    "name": "Deepika S",
    "phone": "9000000046",
    "email": "deepika.s46@example.com",
    "gender": "Female",
    "dateOfBirth": "1996-01-23T00:00:00.000Z",
    "address": {
      "street": "10 Saidapet Road",
      "city": "Chennai",
      "state": "Tamil Nadu",
      "postalCode": "600015"
    },
    "emergencyContact": {
      "name": "Srinivas S",
      "phone": "9000000466",
      "relation": "Father"
    },
    "password": "123456"
  },
  {
    "name": "Sathya Narayanan",
    "phone": "9000000047",
    "email": "sathya.narayanan47@example.com",
    "gender": "Male",
    "dateOfBirth": "1987-06-18T00:00:00.000Z",
    "address": {
      "street": "11 Kodambakkam Road",
      "city": "Chennai",
      "state": "Tamil Nadu",
      "postalCode": "600024"
    },
    "emergencyContact": {
      "name": "Narayanan S",
      "phone": "9000000477",
      "relation": "Father"
    },
    "password": "123456"
  },
  {
    "name": "Sowmya R",
    "phone": "9000000048",
    "email": "sowmya.r48@example.com",
    "gender": "Female",
    "dateOfBirth": "1991-03-29T00:00:00.000Z",
    "address": {
      "street": "19 Ambattur Road",
      "city": "Chennai",
      "state": "Tamil Nadu",
      "postalCode": "600053"
    },
    "emergencyContact": {
      "name": "Raghavan R",
      "phone": "9000000488",
      "relation": "Father"
    },
    "password": "123456"
  },
  {
    "name": "Praveen Kumar",
    "phone": "9000000049",
    "email": "praveen.kumar49@example.com",
    "gender": "Male",
    "dateOfBirth": "1982-04-17T00:00:00.000Z",
    "address": {
      "street": "13 Perambur Barracks Road",
      "city": "Chennai",
      "state": "Tamil Nadu",
      "postalCode": "600011"
    },
    "emergencyContact": {
      "name": "Kumaravel P",
      "phone": "9000000499",
      "relation": "Father"
    },
    "password": "123456"
  },
  {
    "name": "Janani S",
    "phone": "9000000050",
    "email": "janani.s50@example.com",
    "gender": "Female",
    "dateOfBirth": "1998-09-12T00:00:00.000Z",
    "address": {
      "street": "8 Royapuram High Road",
      "city": "Chennai",
      "state": "Tamil Nadu",
      "postalCode": "600013"
    },
    "emergencyContact": {
      "name": "Srinivasan J",
      "phone": "9000000500",
      "relation": "Father"
    },
    "password": "123456"
  },
  {
    "name": "Vigneshwaran S",
    "phone": "9000000051",
    "email": "vigneshwaran.s51@example.com",
    "gender": "Male",
    "dateOfBirth": "1986-02-22T00:00:00.000Z",
    "address": {
      "street": "14 Vadapalani Main Road",
      "city": "Chennai",
      "state": "Tamil Nadu",
      "postalCode": "600026"
    },
    "emergencyContact": {
      "name": "Sankaran S",
      "phone": "9000000511",
      "relation": "Father"
    },
    "password": "123456"
  },
  {
    "name": "Rajalakshmi N",
    "phone": "9000000052",
    "email": "rajalakshmi.n52@example.com",
    "gender": "Female",
    "dateOfBirth": "1992-11-14T00:00:00.000Z",
    "address": {
      "street": "11 Thiruvanmiyur Road",
      "city": "Chennai",
      "state": "Tamil Nadu",
      "postalCode": "600041"
    },
    "emergencyContact": {
      "name": "Natarajan N",
      "phone": "9000000522",
      "relation": "Father"
    },
    "password": "123456"
  },
  {
    "name": "Arunachalam S",
    "phone": "9000000053",
    "email": "arunachalam.s53@example.com",
    "gender": "Male",
    "dateOfBirth": "1983-10-30T00:00:00.000Z",
    "address": {
      "street": "16 Chromepet Main Road",
      "city": "Chennai",
      "state": "Tamil Nadu",
      "postalCode": "600044"
    },
    "emergencyContact": {
      "name": "Sundaram S",
      "phone": "9000000533",
      "relation": "Father"
    },
    "password": "123456"
  },
  {
    "name": "Nithya S",
    "phone": "9000000054",
    "email": "nithya.s54@example.com",
    "gender": "Female",
    "dateOfBirth": "1997-12-03T00:00:00.000Z",
    "address": {
      "street": "7 Pallavaram Road",
      "city": "Chennai",
      "state": "Tamil Nadu",
      "postalCode": "600043"
    },
    "emergencyContact": {
      "name": "Srinivasan N",
      "phone": "9000000544",
      "relation": "Father"
    },
    "password": "123456"
  },
  {
    "name": "Sundar Raj",
    "phone": "9000000055",
    "email": "sundar.raj55@example.com",
    "gender": "Male",
    "dateOfBirth": "1989-06-25T00:00:00.000Z",
    "address": {
      "street": "21 Perungudi Main Road",
      "city": "Chennai",
      "state": "Tamil Nadu",
      "postalCode": "600096"
    },
    "emergencyContact": {
      "name": "Rajeshwari S",
      "phone": "9000000555",
      "relation": "Mother"
    },
    "password": "123456"
  },
  {
    "name": "Gayathri S",
    "phone": "9000000056",
    "email": "gayathri.s56@example.com",
    "gender": "Female",
    "dateOfBirth": "1994-04-04T00:00:00.000Z",
    "address": {
      "street": "13 Sholinganallur Road",
      "city": "Chennai",
      "state": "Tamil Nadu",
      "postalCode": "600119"
    },
    "emergencyContact": {
      "name": "Srinivas S",
      "phone": "9000000566",
      "relation": "Father"
    },
    "password": "123456"
  },
  {
    "name": "Pranav S",
    "phone": "9000000057",
    "email": "pranav.s57@example.com",
    "gender": "Male",
    "dateOfBirth": "1991-08-31T00:00:00.000Z",
    "address": {
      "street": "9 Medavakkam Main Road",
      "city": "Chennai",
      "state": "Tamil Nadu",
      "postalCode": "600100"
    },
    "emergencyContact": {
      "name": "Sundar S",
      "phone": "9000000577",
      "relation": "Father"
    },
    "password": "123456"
  },
  {
    "name": "Aparna R",
    "phone": "9000000058",
    "email": "aparna.r58@example.com",
    "gender": "Female",
    "dateOfBirth": "1993-05-18T00:00:00.000Z",
    "address": {
      "street": "10 Saidapet West Road",
      "city": "Chennai",
      "state": "Tamil Nadu",
      "postalCode": "600015"
    },
    "emergencyContact": {
      "name": "Raghavan R",
      "phone": "9000000588",
      "relation": "Father"
    },
    "password": "123456"
  },
  {
    "name": "Yogesh S",
    "phone": "9000000059",
    "email": "yogesh.s59@example.com",
    "gender": "Male",
    "dateOfBirth": "1987-03-15T00:00:00.000Z",
    "address": {
      "street": "15 Kodambakkam High Road",
      "city": "Chennai",
      "state": "Tamil Nadu",
      "postalCode": "600024"
    },
    "emergencyContact": {
      "name": "Srinivas Y",
      "phone": "9000000599",
      "relation": "Father"
    },
    "password": "123456"
  },
  {
    "name": "Meenakshi S",
    "phone": "9000000060",
    "email": "meenakshi.s60@example.com",
    "gender": "Female",
    "dateOfBirth": "1998-11-07T00:00:00.000Z",
    "address": {
      "street": "18 Avadi Main Road",
      "city": "Chennai",
      "state": "Tamil Nadu",
      "postalCode": "600054"
    },
    "emergencyContact": {
      "name": "Sundar S",
      "phone": "9000000600",
      "relation": "Father"
    },
    "password": "123456"
  },
  {
    "name": "Sridharan S",
    "phone": "9000000061",
    "email": "sridharan.s61@example.com",
    "gender": "Male",
    "dateOfBirth": "1985-10-11T00:00:00.000Z",
    "address": {
      "street": "7 Villivakkam High Road",
      "city": "Chennai",
      "state": "Tamil Nadu",
      "postalCode": "600049"
    },
    "emergencyContact": {
      "name": "Raman S",
      "phone": "9000000611",
      "relation": "Father"
    },
    "password": "123456"
  },
  {
    "name": "Sharmila R",
    "phone": "9000000062",
    "email": "sharmila.r62@example.com",
    "gender": "Female",
    "dateOfBirth": "1992-12-15T00:00:00.000Z",
    "address": {
      "street": "14 Mogappair Main Road",
      "city": "Chennai",
      "state": "Tamil Nadu",
      "postalCode": "600037"
    },
    "emergencyContact": {
      "name": "Raman R",
      "phone": "9000000622",
      "relation": "Father"
    },
    "password": "123456"
  },
  {
    "name": "Ravikumar S",
    "phone": "9000000063",
    "email": "ravikumar.s63@example.com",
    "gender": "Male",
    "dateOfBirth": "1986-07-23T00:00:00.000Z",
    "address": {
      "street": "21 Ayanavaram High Road",
      "city": "Chennai",
      "state": "Tamil Nadu",
      "postalCode": "600023"
    },
    "emergencyContact": {
      "name": "Srinivas R",
      "phone": "9000000633",
      "relation": "Father"
    },
    "password": "123456"
  },
  {
    "name": "Sujatha M",
    "phone": "9000000064",
    "email": "sujatha.m64@example.com",
    "gender": "Female",
    "dateOfBirth": "1991-10-02T00:00:00.000Z",
    "address": {
      "street": "12 Purasawalkam High Road",
      "city": "Chennai",
      "state": "Tamil Nadu",
      "postalCode": "600007"
    },
    "emergencyContact": {
      "name": "Murugan M",
      "phone": "9000000644",
      "relation": "Father"
    },
    "password": "123456"
  },
  {
    "name": "Vijayalakshmi S",
    "phone": "9000000065",
    "email": "vijayalakshmi.s65@example.com",
    "gender": "Female",
    "dateOfBirth": "1988-04-28T00:00:00.000Z",
    "address": {
      "street": "10 Royapuram High Road",
      "city": "Chennai",
      "state": "Tamil Nadu",
      "postalCode": "600013"
    },
    "emergencyContact": {
      "name": "Srinivas V",
      "phone": "9000000655",
      "relation": "Father"
    },
    "password": "123456"
  },
  {
    "name": "Sathish S",
    "phone": "9000000066",
    "email": "sathish.s66@example.com",
    "gender": "Male",
    "dateOfBirth": "1990-03-12T00:00:00.000Z",
    "address": {
      "street": "19 Vadapalani Main Road",
      "city": "Chennai",
      "state": "Tamil Nadu",
      "postalCode": "600026"
    },
    "emergencyContact": {
      "name": "Sundaram S",
      "phone": "9000000666",
      "relation": "Father"
    },
    "password": "123456"
  },
  {
    "name": "Divyashree S",
    "phone": "9000000067",
    "email": "divyashree.s67@example.com",
    "gender": "Female",
    "dateOfBirth": "1995-07-09T00:00:00.000Z",
    "address": {
      "street": "11 Thiruvanmiyur Road",
      "city": "Chennai",
      "state": "Tamil Nadu",
      "postalCode": "600041"
    },
    "emergencyContact": {
      "name": "Srinivas D",
      "phone": "9000000677",
      "relation": "Father"
    },
    "password": "123456"
  },
  {
    "name": "Karthikeyan S",
    "phone": "9000000068",
    "email": "karthikeyan.s68@example.com",
    "gender": "Male",
    "dateOfBirth": "1987-11-22T00:00:00.000Z",
    "address": {
      "street": "16 Chromepet Main Road",
      "city": "Chennai",
      "state": "Tamil Nadu",
      "postalCode": "600044"
    },
    "emergencyContact": {
      "name": "Sundaram K",
      "phone": "9000000688",
      "relation": "Father"
    },
    "password": "123456"
  },
  {
    "name": "Sangeetha R",
    "phone": "9000000069",
    "email": "sangeetha.r69@example.com",
    "gender": "Female",
    "dateOfBirth": "1993-06-19T00:00:00.000Z",
    "address": {
      "street": "7 Pallavaram Road",
      "city": "Chennai",
      "state": "Tamil Nadu",
      "postalCode": "600043"
    },
    "emergencyContact": {
      "name": "Raman S",
      "phone": "9000000699",
      "relation": "Father"
    },
    "password": "123456"
  },
  {
    "name": "Aravindan S",
    "phone": "9000000070",
    "email": "aravindan.s70@example.com",
    "gender": "Male",
    "dateOfBirth": "1985-02-14T00:00:00.000Z",
    "address": {
      "street": "12 Perungudi Main Road",
      "city": "Chennai",
      "state": "Tamil Nadu",
      "postalCode": "600096"
    },
    "emergencyContact": {
      "name": "Srinivas A",
      "phone": "9000000700",
      "relation": "Father"
    },
    "password": "123456"
  },
  {
    "name": "Priyadarshini S",
    "phone": "9000000071",
    "email": "priyadarshini.s71@example.com",
    "gender": "Female",
    "dateOfBirth": "1996-09-25T00:00:00.000Z",
    "address": {
      "street": "13 Sholinganallur Road",
      "city": "Chennai",
      "state": "Tamil Nadu",
      "postalCode": "600119"
    },
    "emergencyContact": {
      "name": "Srinivas P",
      "phone": "9000000711",
      "relation": "Father"
    },
    "password": "123456"
  },
  {
    "name": "Sivakumar S",
    "phone": "9000000072",
    "email": "sivakumar.s72@example.com",
    "gender": "Male",
    "dateOfBirth": "1992-10-12T00:00:00.000Z",
    "address": {
      "street": "9 Medavakkam Main Road",
      "city": "Chennai",
      "state": "Tamil Nadu",
      "postalCode": "600100"
    },
    "emergencyContact": {
      "name": "Sundar S",
      "phone": "9000000722",
      "relation": "Father"
    },
    "password": "123456"
  },
  {
    "name": "Aishwarya S",
    "phone": "9000000073",
    "email": "aishwarya.s73@example.com",
    "gender": "Female",
    "dateOfBirth": "1994-05-16T00:00:00.000Z",
    "address": {
      "street": "10 Saidapet West Road",
      "city": "Chennai",
      "state": "Tamil Nadu",
      "postalCode": "600015"
    },
    "emergencyContact": {
      "name": "Raghavan A",
      "phone": "9000000733",
      "relation": "Father"
    },
    "password": "123456"
  },
  {
    "name": "Naveen S",
    "phone": "9000000074",
    "email": "naveen.s74@example.com",
    "gender": "Male",
    "dateOfBirth": "1989-07-11T00:00:00.000Z",
    "address": {
      "street": "15 Kodambakkam High Road",
      "city": "Chennai",
      "state": "Tamil Nadu",
      "postalCode": "600024"
    },
    "emergencyContact": {
      "name": "Srinivas N",
      "phone": "9000000744",
      "relation": "Father"
    },
    "password": "123456"
  },
  {
    "name": "Varsha S",
    "phone": "9000000075",
    "email": "varsha.s75@example.com",
    "gender": "Female",
    "dateOfBirth": "1997-06-15T00:00:00.000Z",
    "address": {
      "street": "18 Avadi Main Road",
      "city": "Chennai",
      "state": "Tamil Nadu",
      "postalCode": "600054"
    },
    "emergencyContact": {
      "name": "Sundar V",
      "phone": "9000000755",
      "relation": "Father"
    },
    "password": "123456"
  },
  {
    "name": "Raja S",
    "phone": "9000000076",
    "email": "raja.s76@example.com",
    "gender": "Male",
    "dateOfBirth": "1986-08-02T00:00:00.000Z",
    "address": {
      "street": "7 Villivakkam High Road",
      "city": "Chennai",
      "state": "Tamil Nadu",
      "postalCode": "600049"
    },
    "emergencyContact": {
      "name": "Raman R",
      "phone": "9000000766",
      "relation": "Father"
    },
    "password": "123456"
  },
  {
    "name": "Shanthi R",
    "phone": "9000000077",
    "email": "shanthi.r77@example.com",
    "gender": "Female",
    "dateOfBirth": "1991-03-13T00:00:00.000Z",
    "address": {
      "street": "14 Mogappair Main Road",
      "city": "Chennai",
      "state": "Tamil Nadu",
      "postalCode": "600037"
    },
    "emergencyContact": {
      "name": "Raman S",
      "phone": "9000000777",
      "relation": "Father"
    },
    "password": "123456"
  },
  {
    "name": "Kumaravel S",
    "phone": "9000000078",
    "email": "kumaravel.s78@example.com",
    "gender": "Male",
    "dateOfBirth": "1987-05-19T00:00:00.000Z",
    "address": {
      "street": "21 Ayanavaram High Road",
      "city": "Chennai",
      "state": "Tamil Nadu",
      "postalCode": "600023"
    },
    "emergencyContact": {
      "name": "Srinivas K",
      "phone": "9000000788",
      "relation": "Father"
    },
    "password": "123456"
  },
  {
    "name": "Rajalakshmi S",
    "phone": "9000000079",
    "email": "rajalakshmi.s79@example.com",
    "gender": "Female",
    "dateOfBirth": "1993-11-22T00:00:00.000Z",
    "address": {
      "street": "12 Purasawalkam High Road",
      "city": "Chennai",
      "state": "Tamil Nadu",
      "postalCode": "600007"
    },
    "emergencyContact": {
      "name": "Murugan R",
      "phone": "9000000799",
      "relation": "Father"
    },
    "password": "123456"
  },
  {
    "name": "Sathishkumar S",
    "phone": "9000000080",
    "email": "sathishkumar.s80@example.com",
    "gender": "Male",
    "dateOfBirth": "1988-01-01T00:00:00.000Z",
    "address": {
      "street": "10 Royapuram High Road",
      "city": "Chennai",
      "state": "Tamil Nadu",
      "postalCode": "600013"
    },
    "emergencyContact": {
      "name": "Srinivas S",
      "phone": "9000000800",
      "relation": "Father"
    },
    "password": "123456"
  },
  {
    "name": "Sujatha R",
    "phone": "9000000081",
    "email": "sujatha.r81@example.com",
    "gender": "Female",
    "dateOfBirth": "1997-10-11T00:00:00.000Z",
    "address": {
      "street": "19 Vadapalani Main Road",
      "city": "Chennai",
      "state": "Tamil Nadu",
      "postalCode": "600026"
    },
    "emergencyContact": {
      "name": "Sundaram R",
      "phone": "9000000811",
      "relation": "Father"
    },
    "password": "123456"
  },
  {
    "name": "Vijay S",
    "phone": "9000000082",
    "email": "vijay.s82@example.com",
    "gender": "Male",
    "dateOfBirth": "1990-06-17T00:00:00.000Z",
    "address": {
      "street": "11 Thiruvanmiyur Road",
      "city": "Chennai",
      "state": "Tamil Nadu",
      "postalCode": "600041"
    },
    "emergencyContact": {
      "name": "Srinivas V",
      "phone": "9000000822",
      "relation": "Father"
    },
    "password": "123456"
  },
  {
    "name": "Lakshmi S",
    "phone": "9000000083",
    "email": "lakshmi.s83@example.com",
    "gender": "Female",
    "dateOfBirth": "1992-12-19T00:00:00.000Z",
    "address": {
      "street": "16 Chromepet Main Road",
      "city": "Chennai",
      "state": "Tamil Nadu",
      "postalCode": "600044"
    },
    "emergencyContact": {
      "name": "Sundaram L",
      "phone": "9000000833",
      "relation": "Father"
    },
    "password": "123456"
  },
  {
    "name": "Sankaran S",
    "phone": "9000000084",
    "email": "sankaran.s84@example.com",
    "gender": "Male",
    "dateOfBirth": "1985-10-22T00:00:00.000Z",
    "address": {
      "street": "7 Pallavaram Road",
      "city": "Chennai",
      "state": "Tamil Nadu",
      "postalCode": "600043"
    },
    "emergencyContact": {
      "name": "Raman S",
      "phone": "9000000844",
      "relation": "Father"
    },
    "password": "123456"
  },
  {
    "name": "Niveditha S",
    "phone": "9000000085",
    "email": "niveditha.s85@example.com",
    "gender": "Female",
    "dateOfBirth": "1994-01-25T00:00:00.000Z",
    "address": {
      "street": "12 Perungudi Main Road",
      "city": "Chennai",
      "state": "Tamil Nadu",
      "postalCode": "600096"
    },
    "emergencyContact": {
      "name": "Srinivas N",
      "phone": "9000000855",
      "relation": "Father"
    },
    "password": "123456"
  }
]
